rw_ntu_lag_steps,rw_ph_lag_steps,alum_lag_steps,rw_flow_lag_steps,ridge,mean_validation_rmse_ntu
0,0,0,0,0.01,0.5329644032888492
0,0,0,0,0.1,0.5331158396761247
0,0,0,0,1.0,0.5333840841236083
0,0,0,0,10.0,0.5340235231934729
0,0,0,0,100.0,0.5459363212455383
0,0,0,1,0.01,0.5354796637941844
0,0,0,1,0.1,0.5354685199781026
0,0,0,1,1.0,0.5353867857968968
0,0,0,1,10.0,0.5358294282924254
0,0,0,1,100.0,0.5475715362062703
0,0,0,2,0.01,0.533666817317838
0,0,0,2,0.1,0.5338051186574798
0,0,0,2,1.0,0.5341069418794272
0,0,0,2,10.0,0.5348427175211992
0,0,0,2,100.0,0.546907813770963
0,0,0,3,0.01,0.5307197217029511
0,0,0,3,0.1,0.5310708841361932
0,0,0,3,1.0,0.5318699960081746
0,0,0,3,10.0,0.5328448821259689
0,0,0,3,100.0,0.5448454319467287
0,0,1,0,0.01,0.533977626748018
0,0,1,0,0.1,0.5342398290976057
0,0,1,0,1.0,0.534462289621422
0,0,1,0,10.0,0.5347862075002627
0,0,1,0,100.0,0.5464458931512679
0,0,1,1,0.01,0.5365262169395479
0,0,1,1,0.1,0.536630379099755
0,0,1,1,1.0,0.5365040690959643
0,0,1,1,10.0,0.5366028278298804
0,0,1,1,100.0,0.5480841484578328
0,0,1,2,0.01,0.5345966169231664
0,0,1,2,0.1,0.534861525392654
0,0,1,2,1.0,0.5351462663822558
0,0,1,2,10.0,0.5355936122838885
0,0,1,2,100.0,0.5474204292495121
0,0,1,3,0.01,0.5316067245245154
0,0,1,3,0.1,0.5320694012510777
0,0,1,3,1.0,0.5328501120280218
0,0,1,3,10.0,0.533576421924993
0,0,1,3,100.0,0.5453543663677272
0,0,2,0,0.01,0.5343366658747016
0,0,2,0,0.1,0.5344917595653137
0,0,2,0,1.0,0.5346991352501798
0,0,2,0,10.0,0.5351351417181783
0,0,2,0,100.0,0.5468633266062305
0,0,2,1,0.01,0.536853139871529
0,0,2,1,0.1,0.5368564431274522
0,0,2,1,1.0,0.5367166505885732
0,0,2,1,10.0,0.536933509746281
0,0,2,1,100.0,0.5484878599143912
0,0,2,2,0.01,0.5349706917199513
0,0,2,2,0.1,0.5351373673482829
0,0,2,2,1.0,0.5354064237025837
0,0,2,2,10.0,0.53594686180618
0,0,2,2,100.0,0.5478329864553032
0,0,2,3,0.01,0.5319819655376026
0,0,2,3,0.1,0.5323539147562962
0,0,2,3,1.0,0.5331253904426138
0,0,2,3,10.0,0.5339394349719642
0,0,2,3,100.0,0.5457767714630355
0,0,3,0,0.01,0.5350368846463384
0,0,3,0,0.1,0.5351426611314868
0,0,3,0,1.0,0.5352258993242748
0,0,3,0,10.0,0.5356108330462277
0,0,3,0,100.0,0.5473164379310056
0,0,3,1,0.01,0.5375436866982685
0,0,3,1,0.1,0.5375262359311996
0,0,3,1,1.0,0.5372923634695942
0,0,3,1,10.0,0.5374289179136205
0,0,3,1,100.0,0.5489346450564164
0,0,3,2,0.01,0.5355257487975384
0,0,3,2,0.1,0.5357102264711018
0,0,3,2,1.0,0.5359578559891043
0,0,3,2,10.0,0.5364510833220824
0,0,3,2,100.0,0.5482969830218869
0,0,3,3,0.01,0.5325339244402284
0,0,3,3,0.1,0.5329289542607679
0,0,3,3,1.0,0.5336738870711196
0,0,3,3,10.0,0.5344344775679652
0,0,3,3,100.0,0.5462319995172502
0,1,0,0,0.01,0.5336985512200302
0,1,0,0,0.1,0.5338203691496425
0,1,0,0,1.0,0.5340276866297389
0,1,0,0,10.0,0.534629037101469
0,1,0,0,100.0,0.5465335189790991
0,1,0,1,0.01,0.5362051946981099
0,1,0,1,0.1,0.5361725367034439
0,1,0,1,1.0,0.5360338196815011
0,1,0,1,10.0,0.5364374551215685
0,1,0,1,100.0,0.5481702582550896
0,1,0,2,0.01,0.5343654180735489
0,1,0,2,0.1,0.5344957526101365
0,1,0,2,1.0,0.5347510811111909
0,1,0,2,10.0,0.5354512232930861
0,1,0,2,100.0,0.5475082086120356
0,1,0,3,0.01,0.5314052306503667
0,1,0,3,0.1,0.531750043616643
0,1,0,3,1.0,0.5325085503584989
0,1,0,3,10.0,0.5334511536601189
0,1,0,3,100.0,0.5454439079287738
0,1,1,0,0.01,0.5343653467421979
0,1,1,0,0.1,0.5345002310479593
0,1,1,0,1.0,0.5346181348133724
0,1,1,0,10.0,0.5349062858111833
0,1,1,0,100.0,0.5465389836364437
0,1,1,1,0.01,0.5368965653440149
0,1,1,1,0.1,0.5368882760354928
0,1,1,1,1.0,0.5366615105823663
0,1,1,1,10.0,0.5367239461492077
0,1,1,1,100.0,0.5481775352248021
0,1,1,2,0.01,0.5349537286398705
0,1,1,2,0.1,0.5351084244020863
0,1,1,2,1.0,0.5353019208205406
0,1,1,2,10.0,0.5357168856828597
0,1,1,2,100.0,0.5475164321325766
0,1,1,3,0.01,0.5319503091141118
0,1,1,3,0.1,0.5323073582006186
0,1,1,3,1.0,0.5330034824582136
0,1,1,3,10.0,0.533700123160751
0,1,1,3,100.0,0.5454516129410906
0,1,2,0,0.01,0.5346064398447073
0,1,2,0,0.1,0.5347250104027
0,1,2,0,1.0,0.5348587174957219
0,1,2,0,10.0,0.5352567308021785
0,1,2,0,100.0,0.5469575560574458
0,1,2,1,0.01,0.537119030876446
0,1,2,1,0.1,0.5370890112831275
0,1,2,1,1.0,0.5368785459503841
0,1,2,1,10.0,0.5370571407733813
0,1,2,1,100.0,0.5485833396986707
0,1,2,2,0.01,0.5352141019254728
0,1,2,2,0.1,0.5353573767307601
0,1,2,2,1.0,0.5355664761121868
0,1,2,2,10.0,0.5360720721609197
0,1,2,2,100.0,0.5479304938084114
0,1,2,3,0.01,0.5322061643207969
0,1,2,3,0.1,0.5325619980436135
0,1,2,3,1.0,0.5332820539103023
0,1,2,3,10.0,0.5340642107680098
0,1,2,3,100.0,0.5458745164997176
0,1,3,0,0.01,0.5353328102921963
0,1,3,0,0.1,0.5353827242867442
0,1,3,0,1.0,0.5353846300839546
0,1,3,0,10.0,0.5357310192342114
0,1,3,0,100.0,0.5474096217333908
0,1,3,1,0.01,0.5378380527570757
0,1,3,1,0.1,0.5377665965231802
0,1,3,1,1.0,0.5374532462350904
0,1,3,1,10.0,0.5375511444444259
0,1,3,1,100.0,0.5490288873717819
0,1,3,2,0.01,0.5357998855502918
0,1,3,2,0.1,0.535935533929458
0,1,3,2,1.0,0.5361162584653348
0,1,3,2,10.0,0.5365751144983741
0,1,3,2,100.0,0.5483935339149111
0,1,3,3,0.01,0.5327971313270966
0,1,3,3,0.1,0.5331441525109684
0,1,3,3,1.0,0.5338292314917952
0,1,3,3,10.0,0.5345584597636266
0,1,3,3,100.0,0.5463291443554973
0,2,0,0,0.01,0.5338895485617733
0,2,0,0,0.1,0.5340736258510969
0,2,0,0,1.0,0.5343920498215321
0,2,0,0,10.0,0.5350459030048145
0,2,0,0,100.0,0.5469893276621517
0,2,0,1,0.01,0.536404493966285
0,2,0,1,0.1,0.5364282134787611
0,2,0,1,1.0,0.5363959081148415
0,2,0,1,10.0,0.5368510548331042
0,2,0,1,100.0,0.5486238337493156
0,2,0,2,0.01,0.5345696102150277
0,2,0,2,0.1,0.5347545623920573
0,2,0,2,1.0,0.5351119703663607
0,2,0,2,10.0,0.5358614851377449
0,2,0,2,100.0,0.5479576699219251
0,2,0,3,0.01,0.531614869603328
0,2,0,3,0.1,0.5320126338964237
0,2,0,3,1.0,0.5328667691465515
0,2,0,3,10.0,0.5338563163128835
0,2,0,3,100.0,0.5458885112618438
0,2,1,0,0.01,0.5345080050876306
0,2,1,0,0.1,0.5347374934282147
0,2,1,0,1.0,0.5349800416253476
0,2,1,0,10.0,0.5353231996837674
0,2,1,0,100.0,0.5469963065442713
0,2,1,1,0.01,0.5370495522643056
0,2,1,1,0.1,0.5371270014234406
0,2,1,1,1.0,0.5370211441593825
0,2,1,1,10.0,0.5371377036090732
0,2,1,1,100.0,0.5486325992157499
0,2,1,2,0.01,0.5351063054981751
0,2,1,2,0.1,0.5353498144063505
0,2,1,2,1.0,0.5356602446719505
0,2,1,2,10.0,0.536127030466141
0,2,1,2,100.0,0.5479672410537595
0,2,1,3,0.01,0.5321078550584848
0,2,1,3,0.1,0.5325507848470781
0,2,1,3,1.0,0.5333590626176068
0,2,1,3,10.0,0.534105302778392
0,2,1,3,100.0,0.5458973960850729
0,2,2,0,0.01,0.5343348407463621
0,2,2,0,0.1,0.5344973495679538
0,2,2,0,1.0,0.5347367522244221
0,2,2,0,10.0,0.535188743790494
0,2,2,0,100.0,0.5469096026773903
0,2,2,1,0.01,0.5368500390435778
0,2,2,1,0.1,0.5368573764871817
0,2,2,1,1.0,0.5367496464195587
0,2,2,1,10.0,0.5369828764489583
0,2,2,1,100.0,0.548530906780865
0,2,2,2,0.01,0.5349567578804704
0,2,2,2,0.1,0.5351334013270338
0,2,2,2,1.0,0.5354397023347915
0,2,2,2,10.0,0.5359964817907624
0,2,2,2,100.0,0.5478752567593197
0,2,2,3,0.01,0.5319672966442868
0,2,2,3,0.1,0.5323481924015365
0,2,2,3,1.0,0.5331566799778086
0,2,2,3,10.0,0.533986967495339
0,2,2,3,100.0,0.5458177212028291
0,2,3,0,0.01,0.535088906618555
0,2,3,0,0.1,0.535161290330093
0,2,3,0,1.0,0.5352650066817484
0,2,3,0,10.0,0.5356653320767031
0,2,3,0,100.0,0.5473632175639753
0,2,3,1,0.01,0.5375831709019199
0,2,3,1,0.1,0.5375375351418715
0,2,3,1,1.0,0.5373262785542252
0,2,3,1,10.0,0.537479006495124
0,2,3,1,100.0,0.5489782824484644
0,2,3,2,0.01,0.5355575238954713
0,2,3,2,0.1,0.5357176583446686
0,2,3,2,1.0,0.5359919189788442
0,2,3,2,10.0,0.5365010234334545
0,2,3,2,100.0,0.5483395547025246
0,2,3,3,0.01,0.532556804399
0,2,3,3,0.1,0.5329326601030047
0,2,3,3,1.0,0.5337056624277255
0,2,3,3,10.0,0.5344818567331977
0,2,3,3,100.0,0.5462727925092438
0,3,0,0,0.01,0.5345954329472022
0,3,0,0,0.1,0.5347720617812554
0,3,0,0,1.0,0.5350338669752793
0,3,0,0,10.0,0.535654295173078
0,3,0,0,100.0,0.5475837008757473
0,3,0,1,0.01,0.5371200524064297
0,3,0,1,0.1,0.537130407394241
0,3,0,1,1.0,0.5370425233264473
0,3,0,1,10.0,0.5374636609292759
0,3,0,1,100.0,0.5492208285194885
0,3,0,2,0.01,0.5352783351692264
0,3,0,2,0.1,0.5354500361421435
0,3,0,2,1.0,0.5357549071034535
0,3,0,2,10.0,0.536473716060163
0,3,0,2,100.0,0.5485552029636724
0,3,0,3,0.01,0.5322979730506997
0,3,0,3,0.1,0.532691631869479
0,3,0,3,1.0,0.5335043434297999
0,3,0,3,10.0,0.5344670398282391
0,3,0,3,100.0,0.5464844919973606
0,3,1,0,0.01,0.535312502825438
0,3,1,0,0.1,0.535479752304421
0,3,1,0,1.0,0.5356364745887471
0,3,1,0,10.0,0.5359343197222844
0,3,1,0,100.0,0.5475908880332959
0,3,1,1,0.01,0.5378541476222664
0,3,1,1,0.1,0.5378718466642454
0,3,1,1,1.0,0.5376830626955094
0,3,1,1,10.0,0.5377534569947457
0,3,1,1,100.0,0.5492301886062734
0,3,1,2,0.01,0.5358983015048773
0,3,1,2,0.1,0.5360862374631544
0,3,1,2,1.0,0.5363179586921312
0,3,1,2,10.0,0.536742046788609
0,3,1,2,100.0,0.548565090748601
0,3,1,3,0.01,0.5328701387764525
0,3,1,3,0.1,0.5332700607717866
0,3,1,3,1.0,0.5340106472272659
0,3,1,3,10.0,0.5347182354789878
0,3,1,3,100.0,0.5464933596403985
0,3,2,0,0.01,0.5351197901798956
0,3,2,0,0.1,0.5352301464169155
0,3,2,0,1.0,0.5353905000306212
0,3,2,0,10.0,0.5357989710715874
0,3,2,0,100.0,0.5475035288521131
0,3,2,1,0.01,0.537630683064073
0,3,2,1,0.1,0.537593821194436
0,3,2,1,1.0,0.5374102510970498
0,3,2,1,10.0,0.5375982134402213
0,3,2,1,100.0,0.549128096566099
0,3,2,2,0.01,0.5357218803480985
0,3,2,2,0.1,0.5358602933624899
0,3,2,2,1.0,0.536095995030127
0,3,2,2,10.0,0.5366109358448333
0,3,2,2,100.0,0.5484725025364807
0,3,2,3,0.01,0.5327015531685481
0,3,2,3,0.1,0.5330567035321072
0,3,2,3,1.0,0.5338066783098337
0,3,2,3,10.0,0.5345992453752996
0,3,2,3,100.0,0.5464128738289834
0,3,3,0,0.01,0.5353196579953836
0,3,3,0,0.1,0.5353737516665237
0,3,3,0,1.0,0.5354066622695383
0,3,3,0,10.0,0.5357744945918332
0,3,3,0,100.0,0.5474412441888656
0,3,3,1,0.01,0.5378018850356713
0,3,3,1,0.1,0.5377433464432947
0,3,3,1,1.0,0.5374698943930777
0,3,3,1,10.0,0.537590430397505
0,3,3,1,100.0,0.5490572807958114
0,3,3,2,0.01,0.5357508979637613
0,3,3,2,0.1,0.5359074705450481
0,3,3,2,1.0,0.5361339004833658
0,3,3,2,10.0,0.5366146240182736
0,3,3,2,100.0,0.5484206358435503
0,3,3,3,0.01,0.5327473714741178
0,3,3,3,0.1,0.5331159215800568
0,3,3,3,1.0,0.5338476143488236
0,3,3,3,10.0,0.5345983092367058
0,3,3,3,100.0,0.5463563866471511
1,0,0,0,0.01,0.5325585708702044
1,0,0,0,0.1,0.5326845797619812
1,0,0,0,1.0,0.5329269984963612
1,0,0,0,10.0,0.5335927355112429
1,0,0,0,100.0,0.5457115884739027
1,0,0,1,0.01,0.5350340595363708
1,0,0,1,0.1,0.5350076835906795
1,0,0,1,1.0,0.5349126188734009
1,0,0,1,10.0,0.5353829844347526
1,0,0,1,100.0,0.5473309040996226
1,0,0,2,0.01,0.5332360404188463
1,0,0,2,0.1,0.5333628150033491
1,0,0,2,1.0,0.533662405999126
1,0,0,2,10.0,0.5344289984316628
1,0,0,2,100.0,0.5466915619862399
1,0,0,3,0.01,0.5303030437217712
1,0,0,3,0.1,0.5306458254591668
1,0,0,3,1.0,0.5314475524948642
1,0,0,3,10.0,0.532446211965973
1,0,0,3,100.0,0.5446357216499872
1,0,1,0,0.01,0.5335724126069414
1,0,1,0,0.1,0.533690162725914
1,0,1,0,1.0,0.5337648456797586
1,0,1,0,10.0,0.5341256515973183
1,0,1,0,100.0,0.5461365583138369
1,0,1,1,0.01,0.5360916154687677
1,0,1,1,0.1,0.5360571433376731
1,0,1,1,1.0,0.5357885778745513
1,0,1,1,10.0,0.5359254351161429
1,0,1,1,100.0,0.5477574016863951
1,0,1,2,0.01,0.534205303291269
1,0,1,2,0.1,0.5343375947767872
1,0,1,2,1.0,0.534491097269486
1,0,1,2,10.0,0.5349609113216591
1,0,1,2,100.0,0.5471210750437938
1,0,1,3,0.01,0.5312582592566886
1,0,1,3,0.1,0.5315893192375255
1,0,1,3,1.0,0.5322298704942117
1,0,1,3,10.0,0.5329612531127559
1,0,1,3,100.0,0.5450624400823366
1,0,2,0,0.01,0.5336626189938065
1,0,2,0,0.1,0.5338566128643414
1,0,2,0,1.0,0.5340361574049484
1,0,2,0,10.0,0.5345078443555082
1,0,2,0,100.0,0.5465515272746754
1,0,2,1,0.01,0.536142475222096
1,0,2,1,0.1,0.5361925548008731
1,0,2,1,1.0,0.5360380912011639
1,0,2,1,10.0,0.5362908618956308
1,0,2,1,100.0,0.5481599711214029
1,0,2,2,0.01,0.534340489720617
1,0,2,2,0.1,0.5345531327146809
1,0,2,2,1.0,0.534798755363914
1,0,2,2,10.0,0.5353531159984743
1,0,2,2,100.0,0.5475335925274692
1,0,2,3,0.01,0.5313891544083448
1,0,2,3,0.1,0.5318091195035362
1,0,2,3,1.0,0.5325566215105507
1,0,2,3,10.0,0.5333674143510079
1,0,2,3,100.0,0.5454850206872743
1,0,3,0,0.01,0.5341582675574307
1,0,3,0,0.1,0.5342091046418423
1,0,3,0,1.0,0.534282703537249
1,0,3,0,10.0,0.5348517071043125
1,0,3,0,100.0,0.5469881505928799
1,0,3,1,0.01,0.5366172337049353
1,0,3,1,0.1,0.5365551671386912
1,0,3,1,1.0,0.5363307447828599
1,0,3,1,10.0,0.5366535928652079
1,0,3,1,100.0,0.5485896575476298
1,0,3,2,0.01,0.5346918246160979
1,0,3,2,0.1,0.534832016903577
1,0,3,2,1.0,0.5350822280931156
1,0,3,2,10.0,0.5357320934973362
1,0,3,2,100.0,0.5479823155887074
1,0,3,3,0.01,0.5317535283974778
1,0,3,3,0.1,0.5321059601736222
1,0,3,3,1.0,0.5328497220438893
1,0,3,3,10.0,0.5337415662348437
1,0,3,3,100.0,0.5459250162848543
1,1,0,0,0.01,0.533248523842835
1,1,0,0,0.1,0.5333593469452521
1,1,0,0,1.0,0.5335635272096766
1,1,0,0,10.0,0.5341950018001068
1,1,0,0,100.0,0.5463078946083175
1,1,0,1,0.01,0.5357281319757845
1,1,0,1,0.1,0.5356892512255301
1,1,0,1,1.0,0.5355539544253098
1,1,0,1,10.0,0.535988267699286
1,1,0,1,100.0,0.5479291748497467
1,1,0,2,0.01,0.5338842737966315
1,1,0,2,0.1,0.5340217915163824
1,1,0,2,1.0,0.5342985010796792
1,1,0,2,10.0,0.5350337693148959
1,1,0,2,100.0,0.5472908997499991
1,1,0,3,0.01,0.5309412535122028
1,1,0,3,0.1,0.5312928558913442
1,1,0,3,1.0,0.5320773204034358
1,1,0,3,10.0,0.5330482906408942
1,1,0,3,100.0,0.5452328724233698
1,1,1,0,0.01,0.533832365619815
1,1,1,0,0.1,0.5339046260409885
1,1,1,0,1.0,0.5339144504157286
1,1,1,0,10.0,0.5342457752199486
1,1,1,0,100.0,0.5462314918629884
1,1,1,1,0.01,0.5363453519784354
1,1,1,1,0.1,0.5362744759475723
1,1,1,1,1.0,0.5359411505565905
1,1,1,1,10.0,0.5360471646846525
1,1,1,1,100.0,0.5478530038957812
1,1,1,2,0.01,0.5344330747643073
1,1,1,2,0.1,0.5345367368534479
1,1,1,2,1.0,0.5346394591335787
1,1,1,2,10.0,0.5350835791136642
1,1,1,2,100.0,0.547218531412234
1,1,1,3,0.01,0.5314719061344924
1,1,1,3,0.1,0.5317777533709735
1,1,1,3,1.0,0.5323754758028403
1,1,1,3,10.0,0.5330840609448213
1,1,1,3,100.0,0.5451609582866934
1,1,2,0,0.01,0.5339434040696914
1,1,2,0,0.1,0.5340856663281729
1,1,2,0,1.0,0.5341963696000673
1,1,2,0,10.0,0.534630936489355
1,1,2,0,100.0,0.5466481821327097
1,1,2,1,0.01,0.5364293306884946
1,1,2,1,0.1,0.5364263169717676
1,1,2,1,1.0,0.53620192031465
1,1,2,1,10.0,0.5364165467730053
1,1,2,1,100.0,0.5482582342560336
1,1,2,2,0.01,0.5345941263603051
1,1,2,2,0.1,0.5347690591305918
1,1,2,2,1.0,0.5349586505975986
1,1,2,2,10.0,0.5354791980987805
1,1,2,2,100.0,0.5476331434009939
1,1,2,3,0.01,0.5316193097030983
1,1,2,3,0.1,0.5320106027217069
1,1,2,3,1.0,0.5327125525952955
1,1,2,3,10.0,0.5334928470696655
1,1,2,3,100.0,0.5455846823527192
1,1,3,0,0.01,0.534389625522565
1,1,3,0,0.1,0.534423870921389
1,1,3,0,1.0,0.5344371763224646
1,1,3,0,10.0,0.5349724072035646
1,1,3,0,100.0,0.547083664044756
1,1,3,1,0.01,0.5368481020892728
1,1,3,1,0.1,0.5367703989922101
1,1,3,1,1.0,0.5364875225100163
1,1,3,1,10.0,0.5367765775062314
1,1,3,1,100.0,0.5486865292401362
1,1,3,2,0.01,0.5348984854733696
1,1,3,2,0.1,0.5350293178437723
1,1,3,2,1.0,0.5352350068465161
1,1,3,2,10.0,0.535855867502374
1,1,3,2,100.0,0.5480807914104552
1,1,3,3,0.01,0.5319489975721403
1,1,3,3,0.1,0.5322925546252097
1,1,3,3,1.0,0.5329993699757551
1,1,3,3,10.0,0.5338651749484258
1,1,3,3,100.0,0.5460239789727996
1,2,0,0,0.01,0.5334703933747765
1,2,0,0,0.1,0.5336267276349091
1,2,0,0,1.0,0.5339322027147922
1,2,0,0,10.0,0.5346147407108962
1,2,0,0,100.0,0.5467635681686895
1,2,0,1,0.01,0.5359533312738842
1,2,0,1,0.1,0.5359562861404177
1,2,0,1,1.0,0.5359193602796611
1,2,0,1,10.0,0.5364041522495995
1,2,0,1,100.0,0.5483820548034276
1,2,0,2,0.01,0.5341295183463832
1,2,0,2,0.1,0.5343014537993935
1,2,0,2,1.0,0.5346662317086687
1,2,0,2,10.0,0.5354478678597637
1,2,0,2,100.0,0.5477405926109093
1,2,0,3,0.01,0.5311901275846953
1,2,0,3,0.1,0.5315761683248741
1,2,0,3,1.0,0.5324429318838826
1,2,0,3,10.0,0.5334576394453651
1,2,0,3,100.0,0.5456778212417323
1,2,1,0,0.01,0.5340714379092281
1,2,1,0,0.1,0.5341789147475037
1,2,1,0,1.0,0.5342813768403893
1,2,1,0,10.0,0.534664683355049
1,2,1,0,100.0,0.5466883129185897
1,2,1,1,0.01,0.5365890729182432
1,2,1,1,0.1,0.5365473692817255
1,2,1,1,1.0,0.5363046608353895
1,2,1,1,10.0,0.5364621689740678
1,2,1,1,100.0,0.5483069704015575
1,2,1,2,0.01,0.5346892033090631
1,2,1,2,0.1,0.5348213195484078
1,2,1,2,1.0,0.5350052138292595
1,2,1,2,10.0,0.5354966227124938
1,2,1,2,100.0,0.547669186765633
1,2,1,3,0.01,0.5317294124731888
1,2,1,3,0.1,0.5320641550808347
1,2,1,3,1.0,0.5327388258420414
1,2,1,3,10.0,0.5334923463789359
1,2,1,3,100.0,0.5456066789702474
1,2,2,0,0.01,0.5336779750869893
1,2,2,0,0.1,0.533882749353367
1,2,2,0,1.0,0.5340866267734306
1,2,2,0,10.0,0.5345696077953668
1,2,2,0,100.0,0.5466017408970237
1,2,2,1,0.01,0.5361425924241601
1,2,2,1,0.1,0.5362084003433372
1,2,2,1,1.0,0.5360835942548887
1,2,2,1,10.0,0.5363481863907718
1,2,2,1,100.0,0.5482067542917435
1,2,2,2,0.01,0.534335997576324
1,2,2,2,0.1,0.5345677156349302
1,2,2,2,1.0,0.5348453181764423
1,2,2,2,10.0,0.5354109836376644
1,2,2,2,100.0,0.5475797181297102
1,2,2,3,0.01,0.5313766453126236
1,2,2,3,0.1,0.5318181599103993
1,2,2,3,1.0,0.5326007522279687
1,2,2,3,10.0,0.5334231507067118
1,2,2,3,100.0,0.5455297593102444
1,2,3,0,0.01,0.534184562208426
1,2,3,0,0.1,0.5342193210280047
1,2,3,0,1.0,0.5343264491384924
1,2,3,0,10.0,0.5349125144557901
1,2,3,0,100.0,0.5470385479010688
1,2,3,1,0.01,0.5366300218740861
1,2,3,1,0.1,0.5365587498817751
1,2,3,1,1.0,0.5363695653143865
1,2,3,1,10.0,0.5367098504158088
1,2,3,1,100.0,0.5486367296656142
1,2,3,2,0.01,0.5346963798667588
1,2,3,2,0.1,0.5348320816079464
1,2,3,2,1.0,0.5351216664411216
1,2,3,2,10.0,0.5357886108000108
1,2,3,2,100.0,0.5480284744116732
1,2,3,3,0.01,0.5317464082760036
1,2,3,3,0.1,0.5321010125471844
1,2,3,3,1.0,0.5328868116446722
1,2,3,3,10.0,0.5337956198944057
1,2,3,3,100.0,0.5459693763905036
1,3,0,0,0.01,0.5341902371906291
1,3,0,0,0.1,0.5343270357945402
1,3,0,0,1.0,0.5345712654783515
1,3,0,0,10.0,0.5352210190210726
1,3,0,0,100.0,0.5473586027012466
1,3,0,1,0.01,0.5366828339430458
1,3,0,1,0.1,0.5366622384821164
1,3,0,1,1.0,0.5365637326414688
1,3,0,1,10.0,0.5370145614929325
1,3,0,1,100.0,0.5489796833247251
1,3,0,2,0.01,0.5348481397116669
1,3,0,2,0.1,0.5349977280905833
1,3,0,2,1.0,0.5353059055684565
1,3,0,2,10.0,0.5360575384960148
1,3,0,2,100.0,0.5483385571314944
1,3,0,3,0.01,0.531890392936646
1,3,0,3,0.1,0.5322596582144475
1,3,0,3,1.0,0.5330780246117448
1,3,0,3,10.0,0.5340660502422
1,3,0,3,100.0,0.5462744672678896
1,3,1,0,0.01,0.5348644809543928
1,3,1,0,0.1,0.5349097254937272
1,3,1,0,1.0,0.5349314614426343
1,3,1,0,10.0,0.5352731016989747
1,3,1,0,100.0,0.5472836100977136
1,3,1,1,0.01,0.5373836667869165
1,3,1,1,0.1,0.5372830325665193
1,3,1,1,1.0,0.5369610134478846
1,3,1,1,10.0,0.5370752676425291
1,3,1,1,100.0,0.5489052666113594
1,3,1,2,0.01,0.53546027262135
1,3,1,2,0.1,0.5355433677783005
1,3,1,2,1.0,0.5356561230742664
1,3,1,2,10.0,0.5361086022688533
1,3,1,2,100.0,0.5482675451300048
1,3,1,3,0.01,0.5324787455852156
1,3,1,3,0.1,0.5327730950047079
1,3,1,3,1.0,0.5333847132794178
1,3,1,3,10.0,0.5341026545939243
1,3,1,3,100.0,0.5462034257845297
1,3,2,0,0.01,0.5344726841238124
1,3,2,0,0.1,0.5346059684223561
1,3,2,0,1.0,0.5347339723004897
1,3,2,0,10.0,0.5351766812899965
1,3,2,0,100.0,0.5471962911480586
1,3,2,1,0.01,0.5369510040287061
1,3,2,1,0.1,0.536945052653496
1,3,2,1,1.0,0.5367391554278326
1,3,2,1,10.0,0.5369604533955596
1,3,2,1,100.0,0.5488045642648504
1,3,2,2,0.01,0.535118429355451
1,3,2,2,0.1,0.5352898385880164
1,3,2,2,1.0,0.53549533783929
1,3,2,2,10.0,0.5360219226972089
1,3,2,2,100.0,0.5481773781788556
1,3,2,3,0.01,0.5321382239941579
1,3,2,3,0.1,0.5325271307164701
1,3,2,3,1.0,0.5332455879617995
1,3,2,3,10.0,0.5340322801009422
1,3,2,3,100.0,0.5461255823057687
1,3,3,0,0.01,0.5344092947309841
1,3,3,0,0.1,0.5344356138039179
1,3,3,0,1.0,0.5344718916341854
1,3,3,0,10.0,0.535023802301732
1,3,3,0,100.0,0.5471193729777687
1,3,3,1,0.01,0.5368328912806618
1,3,3,1,0.1,0.5367630394918698
1,3,3,1,1.0,0.5365155099480342
1,3,3,1,10.0,0.5368229046838042
1,3,3,1,100.0,0.5487184426187541
1,3,3,2,0.01,0.5348680476840668
1,3,3,2,0.1,0.5350177134397838
1,3,3,2,1.0,0.5352657313762694
1,3,3,2,10.0,0.5359035308501512
1,3,3,2,100.0,0.5481119790173602
1,3,3,3,0.01,0.5319241260852805
1,3,3,3,0.1,0.5322851634769502
1,3,3,3,1.0,0.5330328539008642
1,3,3,3,10.0,0.5339142043729465
1,3,3,3,100.0,0.5460557608817026
2,0,0,0,0.01,0.5328572787753897
2,0,0,0,0.1,0.5330094829351107
2,0,0,0,1.0,0.5332568603143513
2,0,0,0,10.0,0.5338378273873118
2,0,0,0,100.0,0.5457649888860677
2,0,0,1,0.01,0.5353319005963509
2,0,0,1,0.1,0.5353232697242838
2,0,0,1,1.0,0.5352215077407599
2,0,0,1,10.0,0.5356172845359513
2,0,0,1,100.0,0.5473834240340978
2,0,0,2,0.01,0.5336075549078023
2,0,0,2,0.1,0.5337497290719242
2,0,0,2,1.0,0.534035251404444
2,0,0,2,10.0,0.5346934164345606
2,0,0,2,100.0,0.546747535185383
2,0,0,3,0.01,0.5307087655066948
2,0,0,3,0.1,0.5310712206431188
2,0,0,3,1.0,0.5318698081052757
2,0,0,3,10.0,0.5327476127180405
2,0,0,3,100.0,0.5447165916922635
2,0,1,0,0.01,0.5337330522154297
2,0,1,0,0.1,0.5337952212253407
2,0,1,0,1.0,0.5337983549592904
2,0,1,0,10.0,0.5341125028187158
2,0,1,0,100.0,0.5461046899425238
2,0,1,1,0.01,0.5362329900985099
2,0,1,1,0.1,0.5361359587840724
2,0,1,1,1.0,0.535793422983454
2,0,1,1,10.0,0.5358992498913371
2,0,1,1,100.0,0.547725516920275
2,0,1,2,0.01,0.5343832702458396
2,0,1,2,0.1,0.5344536759890829
2,0,1,2,1.0,0.534529647711403
2,0,1,2,10.0,0.5349504056045844
2,0,1,2,100.0,0.5470889726937347
2,0,1,3,0.01,0.531476694597106
2,0,1,3,0.1,0.5317462271094696
2,0,1,3,1.0,0.532321480466051
2,0,1,3,10.0,0.532987456428572
2,0,1,3,100.0,0.5450534339277389
2,0,2,0,0.01,0.5335132414206187
2,0,2,0,0.1,0.5338142409777497
2,0,2,0,1.0,0.534042630553429
2,0,2,0,10.0,0.5344780150260661
2,0,2,0,100.0,0.5464981468555912
2,0,2,1,0.01,0.5359800715920259
2,0,2,1,0.1,0.5361314049323201
2,0,2,1,1.0,0.5360206074903309
2,0,2,1,10.0,0.5362486939731507
2,0,2,1,100.0,0.5481050781606254
2,0,2,2,0.01,0.5342095204530971
2,0,2,2,0.1,0.5345269179695676
2,0,2,2,1.0,0.534819612478256
2,0,2,2,10.0,0.5353301959266134
2,0,2,2,100.0,0.5474802906007152
2,0,2,3,0.01,0.5313011912203924
2,0,2,3,0.1,0.5318289706460766
2,0,2,3,1.0,0.5326303202352792
2,0,2,3,10.0,0.5333812500509291
2,0,2,3,100.0,0.5454565074133346
2,0,3,0,0.01,0.5339543344124678
2,0,3,0,0.1,0.5340407875086263
2,0,3,0,1.0,0.5341687719042846
2,0,3,0,10.0,0.5347638675442185
2,0,3,0,100.0,0.5469306619456272
2,0,3,1,0.01,0.5363918360556587
2,0,3,1,0.1,0.5363545398372758
2,0,3,1,1.0,0.5361781189536763
2,0,3,1,10.0,0.5365453425770073
2,0,3,1,100.0,0.5485298026758245
2,0,3,2,0.01,0.5345037961313759
2,0,3,2,0.1,0.5346717309504228
2,0,3,2,1.0,0.5349738225766673
2,0,3,2,10.0,0.5356448097870965
2,0,3,2,100.0,0.5479229115660623
2,0,3,3,0.01,0.5316397907870823
2,0,3,3,0.1,0.532016890163421
2,0,3,3,1.0,0.5328058944369909
2,0,3,3,10.0,0.5336943478214127
2,0,3,3,100.0,0.5458910759980561
2,1,0,0,0.01,0.5334660275675364
2,1,0,0,0.1,0.5336491482090343
2,1,0,0,1.0,0.5338826204388833
2,1,0,0,10.0,0.5344349016762635
2,1,0,0,100.0,0.5463600154939495
2,1,0,1,0.01,0.5359411464839833
2,1,0,1,0.1,0.5359693224082887
2,1,0,1,1.0,0.5358525128047624
2,1,0,1,10.0,0.5362175858100962
2,1,0,1,100.0,0.5479804671227964
2,1,0,2,0.01,0.5341796202590964
2,1,0,2,0.1,0.5343758702281469
2,1,0,2,1.0,0.5346620568522312
2,1,0,2,10.0,0.5352937388229241
2,1,0,2,100.0,0.5473459224739882
2,1,0,3,0.01,0.5312574269041802
2,1,0,3,0.1,0.5316773626002026
2,1,0,3,1.0,0.5324881020027064
2,1,0,3,10.0,0.5333445418829823
2,1,0,3,100.0,0.5453124432378473
2,1,1,0,0.01,0.533927735004164
2,1,1,0,0.1,0.5339747566146741
2,1,1,0,1.0,0.5339370149765509
2,1,1,0,10.0,0.5342267100249836
2,1,1,0,100.0,0.5461979432663036
2,1,1,1,0.01,0.5364135767123388
2,1,1,1,0.1,0.5363161408122381
2,1,1,1,1.0,0.535935317887802
2,1,1,1,10.0,0.5360153090078045
2,1,1,1,100.0,0.5478194677722067
2,1,1,2,0.01,0.5345454310769039
2,1,1,2,0.1,0.5346193093614641
2,1,1,2,1.0,0.5346682431407275
2,1,1,2,10.0,0.5350677770707725
2,1,1,2,100.0,0.5471850362534589
2,1,1,3,0.01,0.5316137015417185
2,1,1,3,0.1,0.5318963423864713
2,1,1,3,1.0,0.5324555022254355
2,1,1,3,10.0,0.5331042729493785
2,1,1,3,100.0,0.5451501909850881
2,1,2,0,0.01,0.533727669197498
2,1,2,0,0.1,0.5340127365805947
2,1,2,0,1.0,0.5341923484210785
2,1,2,0,10.0,0.5345963186673289
2,1,2,0,100.0,0.5465935417213554
2,1,2,1,0.01,0.5361997388392323
2,1,2,1,0.1,0.5363347082267372
2,1,2,1,1.0,0.5361743305701434
2,1,2,1,10.0,0.5363697554203489
2,1,2,1,100.0,0.5482020905322185
2,1,2,2,0.01,0.5343986193946374
2,1,2,2,0.1,0.5347132440132825
2,1,2,2,1.0,0.5349700610793978
2,1,2,2,10.0,0.5354521138499614
2,1,2,2,100.0,0.5475788906794838
2,1,2,3,0.01,0.5314586045222618
2,1,2,3,0.1,0.5319955083825564
2,1,2,3,1.0,0.5327752440182586
2,1,2,3,10.0,0.5335019128086314
2,1,2,3,100.0,0.5455548776094077
2,1,3,0,0.01,0.5341648615226301
2,1,3,0,0.1,0.5342334676883437
2,1,3,0,1.0,0.5343115749554722
2,1,3,0,10.0,0.5348794609834319
2,1,3,0,100.0,0.5470250263009891
2,1,3,1,0.01,0.5365885021891319
2,1,3,1,0.1,0.5365426863509317
2,1,3,1,1.0,0.5363226124632656
2,1,3,1,10.0,0.5366631529198238
2,1,3,1,100.0,0.5486254803312609
2,1,3,2,0.01,0.5346798933281546
2,1,3,2,0.1,0.5348445642718994
2,1,3,2,1.0,0.5351155624615735
2,1,3,2,10.0,0.5357640718360127
2,1,3,2,100.0,0.5480205268927354
2,1,3,3,0.01,0.5318021266885037
2,1,3,3,0.1,0.5321779444710937
2,1,3,3,1.0,0.5329436540168114
2,1,3,3,10.0,0.5338128967266368
2,1,3,3,100.0,0.5459888667374326
2,2,0,0,0.01,0.5336997499030429
2,2,0,0,0.1,0.533925847991613
2,2,0,0,1.0,0.5342567851645588
2,2,0,0,10.0,0.5348572167444887
2,2,0,0,100.0,0.5468139207721059
2,2,0,1,0.01,0.5361783286494692
2,2,0,1,0.1,0.5362451943891969
2,2,0,1,1.0,0.5362230619237233
2,2,0,1,10.0,0.5366360114187185
2,2,0,1,100.0,0.5484316677318956
2,2,0,2,0.01,0.5344322944145294
2,2,0,2,0.1,0.5346626708377953
2,2,0,2,1.0,0.5350339694584642
2,2,0,2,10.0,0.5357095196180739
2,2,0,2,100.0,0.5477934260627769
2,2,0,3,0.01,0.5315230050520778
2,2,0,3,0.1,0.5319736414255456
2,2,0,3,1.0,0.532860262423155
2,2,0,3,10.0,0.5337565431736965
2,2,0,3,100.0,0.5457556005925523
2,2,1,0,0.01,0.5342132825841359
2,2,1,0,0.1,0.5342738409530233
2,2,1,0,1.0,0.5343110461379147
2,2,1,0,10.0,0.5346489634618931
2,2,1,0,100.0,0.5466534928691781
2,2,1,1,0.01,0.5367094366760572
2,2,1,1,0.1,0.5366160203880693
2,2,1,1,1.0,0.5363060329050369
2,2,1,1,10.0,0.5364336754214274
2,2,1,1,100.0,0.5482722820987519
2,2,1,2,0.01,0.5348478669141864
2,2,1,2,0.1,0.5349278893168343
2,2,1,2,1.0,0.5350402783865656
2,2,1,2,10.0,0.5354834105553563
2,2,1,2,100.0,0.5476340292759164
2,2,1,3,0.01,0.5319249951127615
2,2,1,3,0.1,0.5322105981359003
2,2,1,3,1.0,0.5328267910816823
2,2,1,3,10.0,0.5335158287473418
2,2,1,3,100.0,0.5455945706035586
2,2,2,0,0.01,0.5335151850743169
2,2,2,0,0.1,0.5338420389973786
2,2,2,0,1.0,0.5340979111383419
2,2,2,0,10.0,0.5345433098103467
2,2,2,0,100.0,0.5465488028176997
2,2,2,1,0.01,0.5359721180073344
2,2,2,1,0.1,0.5361509016095366
2,2,2,1,1.0,0.536071490365463
2,2,2,1,10.0,0.536309950959487
2,2,2,1,100.0,0.5481525414819695
2,2,2,2,0.01,0.5341969938945957
2,2,2,2,0.1,0.5345453112914722
2,2,2,2,1.0,0.5348709711087737
2,2,2,2,10.0,0.5353911500438976
2,2,2,2,100.0,0.5475264631541545
2,2,2,3,0.01,0.5312821085131978
2,2,2,3,0.1,0.531842720350078
2,2,2,3,1.0,0.5326793194140433
2,2,2,3,10.0,0.5334400344007451
2,2,2,3,100.0,0.545501166019433
2,2,3,0,0.01,0.5339383400482776
2,2,3,0,0.1,0.5340315333672561
2,2,3,0,1.0,0.5342106878102741
2,2,3,0,10.0,0.5348261731295032
2,2,3,0,100.0,0.5469811102029197
2,2,3,1,0.01,0.5363585717539219
2,2,3,1,0.1,0.5363381347029149
2,2,3,1,1.0,0.5362156353481256
2,2,3,1,10.0,0.5366035051023814
2,2,3,1,100.0,0.5485771796597962
2,2,3,2,0.01,0.5344618888929288
2,2,3,2,0.1,0.5346517594821089
2,2,3,2,1.0,0.5350114342299761
2,2,3,2,10.0,0.5357024638248267
2,2,3,2,100.0,0.5479687820128145
2,2,3,3,0.01,0.5315848006670286
2,2,3,3,0.1,0.5319915253231862
2,2,3,3,1.0,0.5328411791118757
2,2,3,3,10.0,0.5337496753129904
2,2,3,3,100.0,0.5459350883828552
2,3,0,0,0.01,0.5344068131830351
2,3,0,0,0.1,0.5346168098990406
2,3,0,0,1.0,0.534887387512956
2,3,0,0,10.0,0.5354589227363331
2,3,0,0,100.0,0.5474079815886916
2,3,0,1,0.01,0.536897961478613
2,3,0,1,0.1,0.5369424707795253
2,3,0,1,1.0,0.5368585153427252
2,3,0,1,10.0,0.5372414550764121
2,3,0,1,100.0,0.5490280429630147
2,3,0,2,0.01,0.535144257745571
2,3,0,2,0.1,0.5353526187050887
2,3,0,2,1.0,0.535666420620151
2,3,0,2,10.0,0.5363151472035191
2,3,0,2,100.0,0.5483904961568833
2,3,0,3,0.01,0.5322145637935382
2,3,0,3,0.1,0.5326501187315877
2,3,0,3,1.0,0.5334881208788992
2,3,0,3,10.0,0.5343607987256992
2,3,0,3,100.0,0.5463513796317532
2,3,1,0,0.01,0.5349712504495145
2,3,1,0,0.1,0.5349829042726443
2,3,1,0,1.0,0.5349501988044794
2,3,1,0,10.0,0.5352522555650167
2,3,1,0,100.0,0.5472475388886919
2,3,1,1,0.01,0.5374681261060918
2,3,1,1,0.1,0.5373287903630672
2,3,1,1,1.0,0.5369506417791569
2,3,1,1,10.0,0.5370412122113999
2,3,1,1,100.0,0.5488690444454855
2,3,1,2,0.01,0.5355887652774936
2,3,1,2,0.1,0.5356302212532209
2,3,1,2,1.0,0.5356811125740152
2,3,1,2,10.0,0.5360907383438136
2,3,1,2,100.0,0.5482312270327062
2,3,1,3,0.01,0.5326348236013904
2,3,1,3,0.1,0.5328964005845573
2,3,1,3,1.0,0.5334623596660121
2,3,1,3,10.0,0.5341214737744454
2,3,1,3,100.0,0.5461902059241898
2,3,2,0,0.01,0.5342627058503232
2,3,2,0,0.1,0.5345420419661173
2,3,2,0,1.0,0.5347332036659982
2,3,2,0,10.0,0.5351444245683903
2,3,2,0,100.0,0.5471418709666821
2,3,2,1,0.01,0.5367268485148368
2,3,2,1,0.1,0.5368613051966569
2,3,2,1,1.0,0.5367141445498459
2,3,2,1,10.0,0.5369158053199934
2,3,2,1,100.0,0.5487485893285977
2,3,2,2,0.01,0.5349308229963846
2,3,2,2,0.1,0.5352436406883685
2,3,2,2,1.0,0.5355096457369938
2,3,2,2,10.0,0.5359965727556818
2,3,2,2,100.0,0.5481227306457697
2,3,2,3,0.01,0.5319850463564572
2,3,2,3,0.1,0.53252314106966
2,3,2,3,1.0,0.5333122379245794
2,3,2,3,10.0,0.5340435255507686
2,3,2,3,100.0,0.5460956206208707
2,3,3,0,0.01,0.534190854224474
2,3,3,0,0.1,0.5342558504598678
2,3,3,0,1.0,0.5343578243525959
2,3,3,0,10.0,0.5349370175593953
2,3,3,0,100.0,0.5470627564409021
2,3,3,1,0.01,0.5365874763506515
2,3,3,1,0.1,0.5365481854491946
2,3,3,1,1.0,0.5363617420580813
2,3,3,1,10.0,0.5367155101019307
2,3,3,1,100.0,0.5486594288363216
2,3,3,2,0.01,0.5346708903674374
2,3,3,2,0.1,0.5348490697649079
2,3,3,2,1.0,0.5351577309221557
2,3,3,2,10.0,0.5358174127914305
2,3,3,2,100.0,0.5480532319794894
2,3,3,3,0.01,0.5317991781155815
2,3,3,3,0.1,0.532187667991384
2,3,3,3,1.0,0.5329895068414323
2,3,3,3,10.0,0.5338678529475803
2,3,3,3,100.0,0.5460221129435933
3,0,0,0,0.01,0.5324257764081902
3,0,0,0,0.1,0.5325872907889329
3,0,0,0,1.0,0.5328555585873279
3,0,0,0,10.0,0.5335115706944409
3,0,0,0,100.0,0.5455156815423018
3,0,0,1,0.01,0.5349239692710958
3,0,0,1,0.1,0.5349192304783119
3,0,0,1,1.0,0.534825945631504
3,0,0,1,10.0,0.5352936578737387
3,0,0,1,100.0,0.5471360899735265
3,0,0,2,0.01,0.5332435364766576
3,0,0,2,0.1,0.5333795713079081
3,0,0,2,1.0,0.5336498591636498
3,0,0,2,10.0,0.5343727518007485
3,0,0,2,100.0,0.5465002804684653
3,0,0,3,0.01,0.5303341399672072
3,0,0,3,0.1,0.5306942595650673
3,0,0,3,1.0,0.5314852701129263
3,0,0,3,10.0,0.5324258858026129
3,0,0,3,100.0,0.544461499267524
3,0,1,0,0.01,0.533191318657627
3,0,1,0,0.1,0.5332658441530793
3,0,1,0,1.0,0.5333003100240198
3,0,1,0,10.0,0.5337261158742196
3,0,1,0,100.0,0.5458261271302387
3,0,1,1,0.01,0.5356967509545005
3,0,1,1,0.1,0.535602287238944
3,0,1,1,1.0,0.5352789515761452
3,0,1,1,10.0,0.5355083825208048
3,0,1,1,100.0,0.5474480705143367
3,0,1,2,0.01,0.5338837805389529
3,0,1,2,0.1,0.5339484229097574
3,0,1,2,1.0,0.5340271546590574
3,0,1,2,10.0,0.5345630057515681
3,0,1,2,100.0,0.5468124313360737
3,0,1,3,0.01,0.530989126298936
3,0,1,3,0.1,0.5312545762925274
3,0,1,3,1.0,0.5318292170763848
3,0,1,3,10.0,0.5325990382228002
3,0,1,3,100.0,0.5447695646903157
3,0,2,0,0.01,0.5330968344892605
3,0,2,0,0.1,0.5333510342177346
3,0,2,0,1.0,0.5335639567455106
3,0,2,0,10.0,0.5340998009281028
3,0,2,0,100.0,0.5462200320135164
3,0,2,1,0.01,0.5355818206664915
3,0,2,1,0.1,0.5356778083752243
3,0,2,1,1.0,0.5355372906181274
3,0,2,1,10.0,0.5358707561615744
3,0,2,1,100.0,0.5478310032838651
3,0,2,2,0.01,0.5338223030861498
3,0,2,2,0.1,0.5340792586697136
3,0,2,2,1.0,0.5343352634076626
3,0,2,2,10.0,0.5349514595354122
3,0,2,2,100.0,0.5472052772544609
3,0,2,3,0.01,0.5309204302492463
3,0,2,3,0.1,0.5313856878275668
3,0,2,3,1.0,0.532145998676911
3,0,2,3,10.0,0.5329980927415678
3,0,2,3,100.0,0.5451730003644295
3,0,3,0,0.01,0.5335218817561688
3,0,3,0,0.1,0.5335860801912896
3,0,3,0,1.0,0.5337224699755787
3,0,3,0,10.0,0.5343923666606256
3,0,3,0,100.0,0.5466383497359112
3,0,3,1,0.01,0.5359766345833964
3,0,3,1,0.1,0.5359037096689039
3,0,3,1,1.0,0.5357210674355248
3,0,3,1,10.0,0.5361698062844946
3,0,3,1,100.0,0.5482385100561907
3,0,3,2,0.01,0.5341071702805449
3,0,3,2,0.1,0.5342349683363041
3,0,3,2,1.0,0.5345207434976542
3,0,3,2,10.0,0.535269262170368
3,0,3,2,100.0,0.5476313029676632
3,0,3,3,0.01,0.5312426947546401
3,0,3,3,0.1,0.5315807843166791
3,0,3,3,1.0,0.5323546538221355
3,0,3,3,10.0,0.5333157259747778
3,0,3,3,100.0,0.545591363196946
3,1,0,0,0.01,0.5330647771048419
3,1,0,0,0.1,0.5332409528962105
3,1,0,0,1.0,0.533484866601389
3,1,0,0,10.0,0.5341098721633801
3,1,0,0,100.0,0.5461111044004793
3,1,0,1,0.01,0.5355664930802376
3,1,0,1,0.1,0.535581456781185
3,1,0,1,1.0,0.5354613356144315
3,1,0,1,10.0,0.535895684046193
3,1,0,1,100.0,0.5477337869812218
3,1,0,2,0.01,0.5338477054239958
3,1,0,2,0.1,0.5340224676396363
3,1,0,2,1.0,0.5342808581731444
3,1,0,2,10.0,0.5349745474980946
3,1,0,2,100.0,0.5470991627174537
3,1,0,3,0.01,0.5309132739652436
3,1,0,3,0.1,0.5313165927077539
3,1,0,3,1.0,0.5321084016153609
3,1,0,3,10.0,0.5330246765033917
3,1,0,3,100.0,0.5450578738847943
3,1,1,0,0.01,0.5334079827513306
3,1,1,0,0.1,0.5334581603633957
3,1,1,0,1.0,0.5334438649290867
3,1,1,0,10.0,0.5338421691660075
3,1,1,0,100.0,0.5459201828082516
3,1,1,1,0.01,0.5358994336147804
3,1,1,1,0.1,0.5357964118553034
3,1,1,1,1.0,0.5354265654988192
3,1,1,1,10.0,0.535626781997325
3,1,1,1,100.0,0.5475430807526918
3,1,1,2,0.01,0.5340690860011481
3,1,1,2,0.1,0.5341286589063394
3,1,1,2,1.0,0.5341716462791852
3,1,1,2,10.0,0.5346826582569143
3,1,1,2,100.0,0.546909418788046
3,1,1,3,0.01,0.5311528838159214
3,1,1,3,0.1,0.5314205262491125
3,1,1,3,1.0,0.5319695324068775
3,1,1,3,10.0,0.5327183120632608
3,1,1,3,100.0,0.5448672538489467
3,1,2,0,0.01,0.5333386686761984
3,1,2,0,0.1,0.5335614410998454
3,1,2,0,1.0,0.5337160801420718
3,1,2,0,10.0,0.5342191089362509
3,1,2,0,100.0,0.5463161874941413
3,1,2,1,0.01,0.5358316032129856
3,1,2,1,0.1,0.5358949554067299
3,1,2,1,1.0,0.5356942028330938
3,1,2,1,10.0,0.5359932618577468
3,1,2,1,100.0,0.5479289892998789
3,1,2,2,0.01,0.5340392526626481
3,1,2,2,0.1,0.5342781983229974
3,1,2,2,1.0,0.5344887069609416
3,1,2,2,10.0,0.5350747590687498
3,1,2,2,100.0,0.5473047399725531
3,1,2,3,0.01,0.5311066224429732
3,1,2,3,0.1,0.5315652723011293
3,1,2,3,1.0,0.5322940520157621
3,1,2,3,10.0,0.5331202643566293
3,1,2,3,100.0,0.5452722811910422
3,1,3,0,0.01,0.5337123244624786
3,1,3,0,0.1,0.5337719546291942
3,1,3,0,1.0,0.5338643989977688
3,1,3,0,10.0,0.5345081816460462
3,1,3,0,100.0,0.546733378212838
3,1,3,1,0.01,0.5361505366798418
3,1,3,1,0.1,0.5360854260594891
3,1,3,1,1.0,0.5358653315751349
3,1,3,1,10.0,0.5362882359732488
3,1,3,1,100.0,0.5483350649375658
3,1,3,2,0.01,0.5342616217501862
3,1,3,2,0.1,0.5344018434627962
3,1,3,2,1.0,0.5346622827106456
3,1,3,2,10.0,0.5353890868382317
3,1,3,2,100.0,0.547729682816638
3,1,3,3,0.01,0.5313839638818261
3,1,3,3,0.1,0.5317362796480215
3,1,3,3,1.0,0.5324925811700979
3,1,3,3,10.0,0.5334350641181066
3,1,3,3,100.0,0.5456899706322587
3,2,0,0,0.01,0.5332967737656511
3,2,0,0,0.1,0.5335166758376202
3,2,0,0,1.0,0.5338569092810128
3,2,0,0,10.0,0.534530340667082
3,2,0,0,100.0,0.546563988553468
3,2,0,1,0.01,0.5357989388045318
3,2,0,1,0.1,0.5358542050899484
3,2,0,1,1.0,0.5358289430860477
3,2,0,1,10.0,0.5363119610015457
3,2,0,1,100.0,0.5481838848618359
3,2,0,2,0.01,0.5340938220996851
3,2,0,2,0.1,0.5343040541622528
3,2,0,2,1.0,0.5346490306397986
3,2,0,2,10.0,0.5353878400540367
3,2,0,2,100.0,0.5475454192737084
3,2,0,3,0.01,0.5311710532014429
3,2,0,3,0.1,0.5316063266734746
3,2,0,3,1.0,0.5324750541243287
3,2,0,3,10.0,0.533432874205486
3,2,0,3,100.0,0.5454991104961311
3,2,1,0,0.01,0.5336824910115654
3,2,1,0,0.1,0.533753343210948
3,2,1,0,1.0,0.5338168915754068
3,2,1,0,10.0,0.5342630057542225
3,2,1,0,100.0,0.5463746566981234
3,2,1,1,0.01,0.5361843461422038
3,2,1,1,0.1,0.5360913796747319
3,2,1,1,1.0,0.5357956242517062
3,2,1,1,10.0,0.5360434273977892
3,2,1,1,100.0,0.5479947194043201
3,2,1,2,0.01,0.5343587681329315
3,2,1,2,0.1,0.5344307709818898
3,2,1,2,1.0,0.5345410233483545
3,2,1,2,10.0,0.5350960044436504
3,2,1,2,100.0,0.5473570594471586
3,2,1,3,0.01,0.5314481285286633
3,2,1,3,0.1,0.5317257842724681
3,2,1,3,1.0,0.532336647500066
3,2,1,3,10.0,0.5331265581555151
3,2,1,3,100.0,0.5453096674887014
3,2,2,0,0.01,0.5330838688013076
3,2,2,0,0.1,0.5333666964787683
3,2,2,0,1.0,0.5336166669711873
3,2,2,0,10.0,0.534164767649192
3,2,2,0,100.0,0.5462709063255663
3,2,2,1,0.01,0.5355606567079971
3,2,2,1,0.1,0.5356858447607596
3,2,2,1,1.0,0.5355858955826048
3,2,2,1,10.0,0.5359319397020854
3,2,2,1,100.0,0.5478788356721506
3,2,2,2,0.01,0.5337934236871877
3,2,2,2,0.1,0.5340841030737044
3,2,2,2,1.0,0.5343832451752243
3,2,2,2,10.0,0.5350116527412838
3,2,2,2,100.0,0.547251521036296
3,2,2,3,0.01,0.5308848623162775
3,2,2,3,0.1,0.5313846990085047
3,2,2,3,1.0,0.5321904771332985
3,2,2,3,10.0,0.5330552464241296
3,2,2,3,100.0,0.5452171480008889
3,2,3,0,0.01,0.5335040663458783
3,2,3,0,0.1,0.5335779471546217
3,2,3,0,1.0,0.5337654888293611
3,2,3,0,10.0,0.5344549340499907
3,2,3,0,100.0,0.5466888255127593
3,2,3,1,0.01,0.5359427729480648
3,2,3,1,0.1,0.5358885616672566
3,2,3,1,1.0,0.5357598931097829
3,2,3,1,10.0,0.5362284778157907
3,2,3,1,100.0,0.5482860474970538
3,2,3,2,0.01,0.5340620186423065
3,2,3,2,0.1,0.5342146692369378
3,2,3,2,1.0,0.5345587493345049
3,2,3,2,10.0,0.5353268405821814
3,2,3,2,100.0,0.5476770619637688
3,2,3,3,0.01,0.5311844159614914
3,2,3,3,0.1,0.5315542102256439
3,2,3,3,1.0,0.5323893508241009
3,2,3,3,10.0,0.5333701492177181
3,2,3,3,100.0,0.5456347061624971
3,3,0,0,0.01,0.5340037393760703
3,3,0,0,0.1,0.5342074100707108
3,3,0,0,1.0,0.5344874699085597
3,3,0,0,10.0,0.5351314071854869
3,3,0,0,100.0,0.547156507568995
3,3,0,1,0.01,0.5365191625415768
3,3,0,1,0.1,0.5365526505316441
3,3,0,1,1.0,0.5364652393109327
3,3,0,1,10.0,0.5369173481296207
3,3,0,1,100.0,0.54877904838789
3,3,0,2,0.01,0.5348061658308182
3,3,0,2,0.1,0.5349951986507155
3,3,0,2,1.0,0.5352820031992174
3,3,0,2,10.0,0.535993062473723
3,3,0,2,100.0,0.5481410649283295
3,3,0,3,0.01,0.5318631084978209
3,3,0,3,0.1,0.5322837773437619
3,3,0,3,1.0,0.5331037747834598
3,3,0,3,10.0,0.5340370029076332
3,3,0,3,100.0,0.5460934530755526
3,3,1,0,0.01,0.53443357703315
3,3,1,0,0.1,0.5344604183153101
3,3,1,0,1.0,0.5344552943253272
3,3,1,0,10.0,0.5348658109947235
3,3,1,0,100.0,0.5469673779933553
3,3,1,1,0.01,0.5369400064868398
3,3,1,1,0.1,0.5368045400370356
3,3,1,1,1.0,0.5364401898309761
3,3,1,1,10.0,0.53665097189796
3,3,1,1,100.0,0.5485904754108687
3,3,1,2,0.01,0.5350973831026427
3,3,1,2,0.1,0.5351336563043042
3,3,1,2,1.0,0.5351818286793245
3,3,1,2,10.0,0.5357031814761811
3,3,1,2,100.0,0.5479530620561799
3,3,1,3,0.01,0.5321587586681985
3,3,1,3,0.1,0.5324139063859409
3,3,1,3,1.0,0.532972904668159
3,3,1,3,10.0,0.5337322700775915
3,3,1,3,100.0,0.5459041035619345
3,3,2,0,0.01,0.5338432327488083
3,3,2,0,0.1,0.5340727961783858
3,3,2,0,1.0,0.534252553688285
3,3,2,0,10.0,0.534765661458678
3,3,2,0,100.0,0.5468627309687095
3,3,2,1,0.01,0.5363282219899442
3,3,2,1,0.1,0.5364035049163114
3,3,2,1,1.0,0.5362297055076859
3,3,2,1,10.0,0.5365380531193181
3,3,2,1,100.0,0.548473949777274
3,3,2,2,0.01,0.5345379440852873
3,3,2,2,0.1,0.5347887927522413
3,3,2,2,1.0,0.5350229604920581
3,3,2,2,10.0,0.5356172049852808
3,3,2,2,100.0,0.5478466771140679
3,3,2,3,0.01,0.5315982336662236
3,3,2,3,0.1,0.5320717711700437
3,3,2,3,1.0,0.5328247577913854
3,3,2,3,10.0,0.5336590006498857
3,3,2,3,100.0,0.5458104828492442
3,3,3,0,0.01,0.533738380225119
3,3,3,0,0.1,0.5338001724257991
3,3,3,0,1.0,0.5339152854050826
3,3,3,0,10.0,0.5345686574556955
3,3,3,0,100.0,0.5467726603515752
3,3,3,1,0.01,0.5361518911296078
3,3,3,1,0.1,0.5360978130692455
3,3,3,1,1.0,0.5359096416179339
3,3,3,1,10.0,0.5363439441239157
3,3,3,1,100.0,0.5483708189453367
3,3,3,2,0.01,0.5342551204944237
3,3,3,2,0.1,0.534412617037728
3,3,3,2,1.0,0.5347087069650573
3,3,3,2,10.0,0.5354450780074067
3,3,3,2,100.0,0.5477638554364227
3,3,3,3,0.01,0.531381444291289
3,3,3,3,0.1,0.5317507313828507
3,3,3,3,1.0,0.5325413304095927
3,3,3,3,10.0,0.533491556604766
3,3,3,3,100.0,0.5457237999297618
