timestamp,actual_filt_ntu,predicted_filt_ntu,residual_ntu
2026-03-01 01:00:00,0.05,0.054878653079811456,-0.004878653079811453
2026-03-01 03:00:00,0.05,0.05450520239128615,-0.004505202391286149
2026-03-01 05:00:00,0.05,0.05423133628884539,-0.004231336288845387
2026-03-01 07:00:00,0.07,0.05441509714197885,0.015584902858021159
2026-03-01 09:00:00,0.12,0.0742168514061968,0.0457831485938032
2026-03-01 11:00:00,0.1,0.12150750446039948,-0.02150750446039948
2026-03-01 13:00:00,0.1,0.09522128124913085,0.00477871875086916
2026-03-01 15:00:00,0.1,0.09696866285771728,0.0030313371422827223
2026-03-01 17:00:00,0.09,0.10477033546636619,-0.014770335466366191
2026-03-01 19:00:00,0.07,0.09092299533451632,-0.020922995334516317
2026-03-01 21:00:00,0.07,0.07244043223173725,-0.0024404322317372468
2026-03-01 23:00:00,0.1,0.08030883142071517,0.019691168579284837
2026-03-02 01:00:00,0.1,0.10928018599495345,-0.00928018599495345
2026-03-02 03:00:00,0.1,0.10000922949713052,-9.229497130516795e-06
2026-03-02 05:00:00,0.1,0.09814826658980629,0.0018517334101937205
2026-03-02 07:00:00,0.12,0.10122753062774267,0.018772469372257322
2026-03-02 09:00:00,0.11,0.12190197304009096,-0.011901973040090955
2026-03-02 11:00:00,0.06,0.10974585861319826,-0.04974585861319826
2026-03-02 13:00:00,0.06,0.06173810211815559,-0.0017381021181555947
2026-03-02 15:00:00,0.04,0.06734432018255017,-0.027344320182550168
2026-03-02 17:00:00,0.04,0.04904745549457662,-0.009047455494576619
2026-03-02 19:00:00,0.08,0.044475373744805924,0.03552462625519408
2026-03-02 21:00:00,0.08,0.08679136888161242,-0.006791368881612414
2026-03-02 23:00:00,0.08,0.07981668233585833,0.0001833176641416745
2026-03-03 01:00:00,0.08,0.07809138199482372,0.0019086180051762769
2026-03-03 03:00:00,0.12,0.08236085235353145,0.03763914764646854
2026-03-03 05:00:00,0.12,0.12568277249993096,-0.00568277249993096
2026-03-03 07:00:00,0.12,0.11869339399935104,0.001306606000648955
2026-03-03 09:00:00,0.12,0.11562211217882966,0.004377887821170337
2026-03-03 11:00:00,0.12,0.12062077688543031,-0.0006207768854303158
2026-03-03 13:00:00,0.12,0.11991688919960015,8.311080039984098e-05
2026-03-03 15:00:00,0.11,0.12055732189945587,-0.010557321899455865
2026-03-03 17:00:00,0.12,0.1102275017375123,0.009772498262487689
2026-03-03 19:00:00,0.11,0.12339422967480941,-0.01339422967480941
2026-03-03 21:00:00,0.12,0.116082480328002,0.003917519671997993
2026-03-03 23:00:00,0.16,0.12461541537325065,0.03538458462674936
2026-03-04 01:00:00,0.16,0.16579698007130786,-0.005796980071307856
2026-03-04 03:00:00,0.22,0.1578235249064321,0.06217647509356791
2026-03-04 05:00:00,0.22,0.21405676587051853,0.005943234129481473
2026-03-04 07:00:00,0.06,0.21319735944967957,-0.15319735944967958
2026-03-04 09:00:00,0.06,0.052908967011408875,0.007091032988591123
2026-03-04 11:00:00,0.05,0.07284575262413015,-0.022845752624130147
2026-03-04 13:00:00,0.04,0.0716505409101707,-0.0316505409101707
2026-03-04 15:00:00,0.06,0.04361865554370934,0.016381344456290657
2026-03-04 17:00:00,0.04,0.06680812754508743,-0.026808127545087428
2026-03-04 19:00:00,0.05,0.04939144069309018,0.0006085593069098255
2026-03-04 21:00:00,0.05,0.059190642359861954,-0.009190642359861952
2026-03-04 23:00:00,0.07,0.07273140176278445,-0.002731401762784441
2026-03-05 01:00:00,0.07,0.08933529310417135,-0.01933529310417134
2026-03-05 03:00:00,0.16,0.0891217206283164,0.0708782793716836
2026-03-05 05:00:00,0.17,0.17808322169408602,-0.008083221694086012
2026-03-05 07:00:00,0.5,0.17783238878350255,0.32216761121649745
2026-03-05 09:00:00,0.5,0.5013373397282462,-0.001337339728246234
2026-03-05 11:00:00,0.19,0.4804179780657943,-0.2904179780657943
2026-03-05 13:00:00,0.27,0.16035299578228554,0.10964700421771448
2026-03-05 15:00:00,0.2,0.30104218870696403,-0.10104218870696402
2026-03-05 17:00:00,0.15,0.23757552778606542,-0.08757552778606542
2026-03-05 19:00:00,0.17,0.15440356070595673,0.01559643929404328
2026-03-05 21:00:00,0.2,0.193502245071537,0.006497754928463023
2026-03-05 23:00:00,0.1,0.21632085393592182,-0.11632085393592181
2026-03-06 01:00:00,0.14,0.10743950454644006,0.03256049545355995
2026-03-06 03:00:00,0.16,0.15870103470480518,0.001298965295194826
2026-03-06 05:00:00,0.18,0.1713454679191867,0.008654532080813293
2026-03-06 07:00:00,0.14,0.17385826021974524,-0.03385826021974522
2026-03-06 09:00:00,0.14,0.13828325634987473,0.0017167436501252797
2026-03-06 11:00:00,0.64,0.1415525026485248,0.4984474973514752
2026-03-06 13:00:00,0.04,0.6382950591152089,-0.5982950591152089
2026-03-06 15:00:00,0.06,0.011223718394426225,0.048776281605573776
2026-03-06 17:00:00,0.06,0.051705715099534234,0.008294284900465763
2026-03-06 19:00:00,0.06,0.12663267804459105,-0.06663267804459105
2026-03-06 21:00:00,0.06,0.05800653634605662,0.0019934636539433795
2026-03-06 23:00:00,0.06,0.06872110805844707,-0.008721108058447072
2026-03-07 01:00:00,0.07,0.06683051574893858,0.003169484251061422
2026-03-07 03:00:00,0.1,0.077423425090461,0.022576574909539
2026-03-07 05:00:00,0.1,0.10451122343793598,-0.004511223437935974
2026-03-07 07:00:00,0.09,0.1005375774431442,-0.010537577443144208
2026-03-07 09:00:00,0.09,0.0907788571689711,-0.0007788571689711088
2026-03-07 11:00:00,0.09,0.09555687218002212,-0.005556872180022127
2026-03-07 13:00:00,0.09,0.09139055481600984,-0.0013905548160098452
2026-03-07 15:00:00,0.07,0.09028525950537089,-0.020285259505370884
2026-03-07 17:00:00,0.07,0.0707314965109899,-0.0007314965109898874
2026-03-07 19:00:00,0.07,0.07231856680429057,-0.002318566804290559
2026-03-07 21:00:00,0.07,0.07299235425225979,-0.002992354252259785
2026-03-07 23:00:00,0.08,0.07112981038599055,0.008870189614009455
2026-03-08 01:00:00,0.1,0.08204061360166708,0.01795938639833293
2026-03-08 03:00:00,0.1,0.10029826870241565,-0.00029826870241564385
2026-03-08 05:00:00,0.12,0.09740343715013836,0.02259656284986164
2026-03-08 07:00:00,0.11,0.11674726117862377,-0.006747261178623773
2026-03-08 09:00:00,0.11,0.10796659659211284,0.0020334034078871577
2026-03-08 11:00:00,0.1,0.10722598682957678,-0.007225986829576772
2026-03-08 13:00:00,0.1,0.10012599574010862,-0.00012599574010861703
2026-03-08 15:00:00,0.2,0.0995153730815281,0.10048462691847192
2026-03-08 17:00:00,0.12,0.19826410468284303,-0.07826410468284303
2026-03-08 19:00:00,0.06,0.10978949640517974,-0.04978949640517974
2026-03-08 21:00:00,0.07,0.05234365741924809,0.017656342580751917
2026-03-08 23:00:00,0.06,0.08353196638064171,-0.023531966380641714
2026-03-09 01:00:00,0.05,0.06534742040811022,-0.015347420408110213
2026-03-09 03:00:00,0.1,0.05016948323026122,0.049830516769738785
2026-03-09 05:00:00,0.1,0.10271235805172042,-0.0027123580517204177
2026-03-09 07:00:00,0.09,0.10182222814806828,-0.011822228148068284
2026-03-09 09:00:00,0.09,0.0881231513608452,0.001876848639154799
2026-03-09 11:00:00,0.09,0.09513412053201764,-0.005134120532017644
2026-03-09 13:00:00,0.09,0.0911835644502371,-0.0011835644502371095
2026-03-09 15:00:00,0.04,0.09007451985928319,-0.05007451985928319
2026-03-09 17:00:00,0.04,0.04108279698041655,-0.0010827969804165505
2026-03-09 19:00:00,0.04,0.04573658368838151,-0.005736583688381508
2026-03-09 21:00:00,0.04,0.04901822565192739,-0.009018225651927392
2026-03-09 23:00:00,0.04,0.04304708622945984,-0.0030470862294598375
2026-03-10 01:00:00,0.04,0.044359439208097526,-0.004359439208097525
2026-03-10 03:00:00,0.04,0.044239245920927865,-0.004239245920927864
2026-03-10 05:00:00,0.04,0.04725271121231818,-0.007252711212318179
2026-03-10 07:00:00,0.04,0.04690271439855432,-0.006902714398554319
2026-03-10 09:00:00,0.04,0.04703874348134669,-0.007038743481346692
2026-03-10 11:00:00,0.04,0.047174708218873665,-0.007174708218873664
2026-03-10 13:00:00,0.05,0.0449567773663907,0.005043222633609304
2026-03-10 15:00:00,0.05,0.05404851597475308,-0.004048515974753079
2026-03-10 17:00:00,0.05,0.05333677701755041,-0.0033367770175504047
2026-03-10 19:00:00,0.04,0.05245285450981904,-0.01245285450981904
2026-03-10 21:00:00,0.04,0.04408783284185513,-0.004087832841855127
2026-03-10 23:00:00,0.04,0.04518433330947097,-0.005184333309470969
2026-03-11 01:00:00,0.04,0.04845623056059899,-0.008456230560598986
2026-03-11 03:00:00,0.04,0.04541103474930411,-0.005411034749304107
2026-03-11 05:00:00,0.04,0.045834666735811255,-0.0058346667358112544
2026-03-11 07:00:00,0.05,0.04644000211851703,0.003559997881482972
2026-03-11 09:00:00,0.05,0.056199081839893625,-0.006199081839893622
2026-03-11 11:00:00,0.05,0.055831728666848594,-0.0058317286668485915
2026-03-11 13:00:00,0.05,0.05412567824416902,-0.004125678244169019
2026-03-11 15:00:00,0.05,0.05300183446238575,-0.0030018344623857496
2026-03-11 17:00:00,0.05,0.053570991166530586,-0.0035709911665305835
2026-03-11 19:00:00,0.05,0.0523533881793276,-0.0023533881793275993
2026-03-11 21:00:00,0.05,0.05166802768739414,-0.0016680276873941371
2026-03-11 23:00:00,0.05,0.05092030233756759,-0.0009203023375675898
2026-03-12 01:00:00,0.05,0.06260094110126584,-0.012600941101265833
2026-03-12 03:00:00,0.05,0.061741853005691225,-0.011741853005691222
2026-03-12 05:00:00,0.05,0.06101580058932584,-0.011015800589325837
2026-03-12 07:00:00,0.05,0.06012636896601693,-0.01012636896601693
2026-03-12 09:00:00,0.05,0.06012636896601693,-0.01012636896601693
2026-03-12 11:00:00,0.04,0.06000257409624014,-0.020002574096240136
2026-03-12 13:00:00,0.04,0.04907298576065566,-0.009072985760655662
2026-03-12 15:00:00,0.04,0.050766425663465925,-0.010766425663465924
2026-03-12 17:00:00,0.04,0.05127531383455436,-0.011275313834554358
2026-03-12 19:00:00,0.07,0.04936926827277709,0.020630731727222913
2026-03-12 21:00:00,0.07,0.08285531987499707,-0.012855319874997065
2026-03-12 23:00:00,0.07,0.0796343693246417,-0.009634369324641692
2026-03-13 01:00:00,0.07,0.08012828665756971,-0.010128286657569707
2026-03-13 03:00:00,0.07,0.0831279411294527,-0.013127941129452689
2026-03-13 05:00:00,2.52,0.08168612707565502,2.438313872924345
2026-03-13 07:00:00,0.67,2.487668640622679,-1.8176686406226792
2026-03-13 09:00:00,0.19,0.5035816094038639,-0.31358160940386387
2026-03-13 11:00:00,0.19,0.07432360603451542,0.11567639396548458
2026-03-13 13:00:00,0.18,0.34219338168508345,-0.16219338168508346
2026-03-13 15:00:00,0.08,0.21997846144591737,-0.13997846144591736
2026-03-13 17:00:00,0.12,0.08323006660396981,0.036769933396030186
2026-03-13 19:00:00,0.06,0.13201606260862264,-0.07201606260862264
2026-03-13 21:00:00,0.06,0.06911670073914113,-0.009116700739141129
2026-03-13 23:00:00,0.06,0.05956737837266319,0.0004326216273368086
2026-03-14 01:00:00,0.08,0.06999414778397547,0.010005852216024527
2026-03-14 03:00:00,0.08,0.08234369950326374,-0.002343699503263741
2026-03-14 05:00:00,0.08,0.08145031116866325,-0.0014503111686632458
2026-03-14 07:00:00,0.09,0.08903852008604421,0.0009614799139557872
2026-03-14 09:00:00,0.09,0.10071467999342208,-0.010714679993422085
2026-03-14 11:00:00,0.09,0.09952990558841922,-0.009529905588419221
2026-03-14 13:00:00,0.07,0.09982155598184121,-0.029821555981841205
2026-03-14 15:00:00,0.08,0.08120312057730215,-0.0012031205773021525
2026-03-14 17:00:00,0.05,0.09579383135680883,-0.045793831356808826
2026-03-14 19:00:00,0.05,0.06486946091965694,-0.014869460919656935
2026-03-14 21:00:00,0.05,0.0646195198284139,-0.01461951982841389
2026-03-14 23:00:00,0.05,0.0678369699587083,-0.0178369699587083
2026-03-15 01:00:00,0.05,0.06390398224394413,-0.013903982243944124
2026-03-15 03:00:00,0.05,0.06559384517493913,-0.015593845174939128
2026-03-15 05:00:00,0.05,0.06602796099080953,-0.016027960990809526
2026-03-15 07:00:00,0.05,0.06602796099080953,-0.016027960990809526
2026-03-15 09:00:00,0.08,0.06602796099080953,0.013972039009190473
2026-03-15 11:00:00,0.07,0.09597966184302258,-0.02597966184302257
2026-03-15 13:00:00,0.09,0.08347931081146422,0.00652068918853578
2026-03-15 15:00:00,0.08,0.10208030425948168,-0.02208030425948168
2026-03-15 17:00:00,0.09,0.09660196788283718,-0.006601967882837179
2026-03-15 19:00:00,0.06,0.10418123973137906,-0.044181239731379066
2026-03-15 21:00:00,0.06,0.061021035730610476,-0.0010210357306104784
2026-03-15 23:00:00,0.06,0.06163199124309524,-0.0016319912430952446
2026-03-16 01:00:00,0.08,0.06506425864434189,0.014935741355658116
2026-03-16 03:00:00,0.08,0.08093732931535412,-0.0009373293153541185
2026-03-16 05:00:00,0.08,0.07938194494084096,0.000618055059159045
2026-03-16 07:00:00,0.09,0.07779106100959662,0.012208938990403373
2026-03-16 09:00:00,0.09,0.08985350353945631,0.00014649646054368248
2026-03-16 11:00:00,0.08,0.08855653896353965,-0.008556538963539653
2026-03-16 13:00:00,0.08,0.07836814579095357,0.001631854209046435
2026-03-16 15:00:00,0.08,0.07985383324201788,0.00014616675798212464
2026-03-16 17:00:00,0.07,0.08039264724109407,-0.010392647241094066
2026-03-16 19:00:00,0.07,0.06919391558764262,0.0008060844123573829
2026-03-16 21:00:00,0.07,0.07040195118915091,-0.0004019511891509009
2026-03-16 23:00:00,0.06,0.07060012986456743,-0.010600129864567431
2026-03-17 01:00:00,0.06,0.059866726536458685,0.0001332734635413127
2026-03-17 03:00:00,0.06,0.060719254779482125,-0.0007192547794821272
2026-03-17 05:00:00,0.06,0.06185406631645643,-0.001854066316456432
2026-03-17 07:00:00,0.07,0.06074013552289191,0.009259864477108096
2026-03-17 09:00:00,0.07,0.07047461269712922,-0.0004746126971292147
2026-03-17 11:00:00,0.07,0.06963712995352521,0.0003628700464747975
2026-03-17 13:00:00,0.07,0.06863004032748149,0.001369959672518517
2026-03-17 15:00:00,0.07,0.07055174293395183,-0.0005517429339518265
2026-03-17 17:00:00,0.04,0.07055528719838271,-0.030555287198382707
2026-03-17 19:00:00,0.04,0.04069419716808857,-0.0006941971680885714
2026-03-17 21:00:00,0.04,0.043159006330446704,-0.0031590063304467036
2026-03-17 23:00:00,0.04,0.044770413038090894,-0.004770413038090893
2026-03-18 01:00:00,0.04,0.04109567952314602,-0.0010956795231460217
2026-03-18 03:00:00,0.05,0.04129333570508617,0.008706664294913832
2026-03-18 05:00:00,0.06,0.05130250913992383,0.008697490860076165
2026-03-18 07:00:00,0.05,0.06045415020400273,-0.010454150204002727
2026-03-18 09:00:00,0.05,0.048808233987863096,0.0011917660121369064
2026-03-18 11:00:00,0.05,0.05059029904778646,-0.0005902990477864578
2026-03-18 13:00:00,0.05,0.05334422847373661,-0.00334422847373661
2026-03-18 15:00:00,0.05,0.05234819488829212,-0.0023481948882921183
2026-03-18 17:00:00,0.05,0.05274052798198927,-0.0027405279819892672
2026-03-18 19:00:00,0.05,0.0524491413370409,-0.002449141337040897
2026-03-18 21:00:00,0.06,0.05143920547457079,0.00856079452542921
2026-03-18 23:00:00,0.06,0.061720433702007534,-0.0017204337020075358
2026-03-19 01:00:00,0.06,0.060789039247724636,-0.0007890392477246377
2026-03-19 03:00:00,0.05,0.06067603754042502,-0.010676037540425017
2026-03-19 05:00:00,0.06,0.052233793792334116,0.007766206207665882
2026-03-19 07:00:00,0.07,0.0627045415035618,0.007295458496438201
2026-03-19 09:00:00,0.1,0.07279930769236041,0.027200692307639593
2026-03-19 11:00:00,0.06,0.09936059686505459,-0.039360596865054595
2026-03-19 13:00:00,0.06,0.05783397373298416,0.0021660262670158345
2026-03-19 15:00:00,0.06,0.06059715788485972,-0.0005971578848597212
2026-03-19 17:00:00,0.06,0.06935300502878765,-0.00935300502878765
2026-03-19 19:00:00,0.07,0.0638138965793527,0.006186103420647307
2026-03-19 21:00:00,0.07,0.07724444622618952,-0.007244446226189513
2026-03-19 23:00:00,0.07,0.07644012583204167,-0.006440125832041663
2026-03-20 01:00:00,0.07,0.07478383431034395,-0.004783834310343946
2026-03-20 03:00:00,0.07,0.07661881636397,-0.006618816363969993
2026-03-20 05:00:00,0.07,0.0759310904414648,-0.005931090441464795
2026-03-20 07:00:00,0.06,0.07675021267758445,-0.016750212677584447
2026-03-20 09:00:00,0.06,0.06590493556541176,-0.005904935565411759
2026-03-20 11:00:00,0.07,0.0668121839292992,0.0031878160707008024
2026-03-20 13:00:00,0.04,0.0733285466801274,-0.03332854668012739
2026-03-20 15:00:00,0.03,0.04118932468409262,-0.011189324684092623
2026-03-20 17:00:00,0.03,0.03453748576795896,-0.004537485767958961
2026-03-20 19:00:00,0.03,0.04057557631989054,-0.01057557631989054
2026-03-20 21:00:00,0.03,0.03622929993807475,-0.0062292999380747505
2026-03-20 23:00:00,0.04,0.0354716979594062,0.004528302040593804
2026-03-21 01:00:00,0.04,0.045630241849021966,-0.005630241849021965
2026-03-21 03:00:00,0.04,0.044270352529280375,-0.0042703525292803746
2026-03-21 05:00:00,0.03,0.04334673119534066,-0.013346731195340661
2026-03-21 07:00:00,0.03,0.02882031078287184,0.0011796892171281603
2026-03-21 09:00:00,0.04,0.03000155204308925,0.00999844795691075
2026-03-21 11:00:00,0.04,0.04055051983201573,-0.0005505198320157265
2026-03-21 13:00:00,0.03,0.03814740347894509,-0.00814740347894509
2026-03-21 15:00:00,0.03,0.02758736543435543,0.0024126345656445697
2026-03-21 17:00:00,0.03,0.03055749567088975,-0.0005574956708897516
2026-03-21 19:00:00,0.04,0.029997124102779955,0.010002875897220046
2026-03-21 21:00:00,0.03,0.038067684189670256,-0.008067684189670257
2026-03-21 23:00:00,0.03,0.028048368133756718,0.0019516318662432808
2026-03-22 01:00:00,0.03,0.028181870392532966,0.0018181296074670332
2026-03-22 03:00:00,0.03,0.029874909902034435,0.00012509009796556406
2026-03-22 05:00:00,0.03,0.02820662228443686,0.0017933777155631388
2026-03-22 07:00:00,0.04,0.028252803267046163,0.011747196732953838
2026-03-22 09:00:00,0.04,0.03493826966307241,0.00506173033692759
2026-03-22 11:00:00,0.04,0.03388084820834132,0.006119151791658679
2026-03-22 13:00:00,0.04,0.04219161141726437,-0.002191611417264372
2026-03-22 15:00:00,0.04,0.04448049326585251,-0.004480493265852509
2026-03-22 17:00:00,0.04,0.04536345324265185,-0.005363453242651847
2026-03-22 19:00:00,0.04,0.04561228702133626,-0.00561228702133626
2026-03-22 21:00:00,0.04,0.045270919569520174,-0.005270919569520173
2026-03-22 23:00:00,0.04,0.04389082980626397,-0.0038908298062639707
2026-03-23 01:00:00,0.04,0.04450573119758685,-0.004505731197586849
2026-03-23 03:00:00,0.04,0.044635955191215,-0.004635955191214999
2026-03-23 05:00:00,0.04,0.04532028022411351,-0.005320280224113509
2026-03-23 07:00:00,0.05,0.036103124863850346,0.013896875136149657
2026-03-23 09:00:00,0.05,0.04577230824036083,0.00422769175963917
2026-03-23 11:00:00,0.04,0.04426258086781332,-0.004262580867813316
2026-03-23 13:00:00,0.03,0.03157807382897321,-0.0015780738289732088
2026-03-23 15:00:00,0.03,0.02398415277634406,0.006015847223655939
2026-03-23 17:00:00,0.03,0.02532008438019515,0.00467991561980485
2026-03-23 19:00:00,0.03,0.02436664064884289,0.005633359351157108
2026-03-23 21:00:00,0.03,0.02344051071041878,0.006559489289581218
2026-03-23 23:00:00,0.03,0.023970129042978447,0.006029870957021552
2026-03-24 01:00:00,0.03,0.024639669035702215,0.005360330964297784
2026-03-24 03:00:00,0.04,0.024432926766100357,0.015567073233899643
2026-03-24 05:00:00,0.04,0.033774635216859306,0.006225364783140695
2026-03-24 07:00:00,0.04,0.032661608129376,0.007338391870624003
2026-03-24 09:00:00,0.06,0.03131006707302767,0.028689932926972327
2026-03-24 11:00:00,0.04,0.0513858548446665,-0.011385854844666497
2026-03-24 13:00:00,0.04,0.03073737660060093,0.00926262339939907
2026-03-24 15:00:00,0.04,0.029783748357934823,0.010216251642065178
2026-03-24 17:00:00,0.05,0.03294015403617528,0.017059845963824725
2026-03-24 19:00:00,0.13,0.03985888748299788,0.09014111251700213
2026-03-24 21:00:00,0.04,0.11699813052261514,-0.07699813052261514
2026-03-24 23:00:00,0.04,0.021721157312984456,0.018278842687015545
2026-03-25 01:00:00,0.04,0.03122625094600585,0.00877374905399415
2026-03-25 03:00:00,0.04,0.04487471871843739,-0.004874718718437386
2026-03-25 05:00:00,0.04,0.031633859212572606,0.008366140787427395
2026-03-25 07:00:00,0.04,0.03199227256458308,0.008007727435416924
2026-03-25 09:00:00,0.05,0.031832456118287784,0.01816754388171222
2026-03-25 11:00:00,0.04,0.04208519975635796,-0.0020851997563579583
2026-03-25 13:00:00,0.04,0.0316455452951444,0.008354454704855602
2026-03-25 15:00:00,0.04,0.03232511810326392,0.007674881896736083
2026-03-25 17:00:00,0.04,0.035203719780223686,0.004796280219776315
2026-03-25 19:00:00,0.05,0.03555114098600237,0.01444885901399763
2026-03-25 21:00:00,0.05,0.04566948372880996,0.004330516271190042
2026-03-25 23:00:00,0.05,0.04533583482704906,0.004664165172950943
2026-03-26 01:00:00,0.05,0.044548011742694196,0.0054519882573058065
2026-03-26 03:00:00,0.06,0.045787221221502875,0.014212778778497123
2026-03-26 05:00:00,0.06,0.05447500096366672,0.005524999036333279
2026-03-26 07:00:00,0.06,0.05287338233789553,0.00712661766210447
2026-03-26 09:00:00,0.13,0.052475343214138145,0.07752465678586186
2026-03-26 11:00:00,0.03,0.12157037156906589,-0.09157037156906589
2026-03-26 13:00:00,0.04,0.02053705039178218,0.01946294960821782
2026-03-26 15:00:00,0.04,0.038571731078443076,0.0014282689215569244
2026-03-26 17:00:00,0.04,0.051737030211859665,-0.011737030211859664
2026-03-26 19:00:00,0.03,0.032723496983170064,-0.002723496983170065
2026-03-26 21:00:00,0.03,0.025313813425440534,0.004686186574559464
2026-03-26 23:00:00,0.03,0.025526444698638184,0.0044735553013618146
2026-03-27 01:00:00,0.03,0.02574417627193524,0.00425582372806476
2026-03-27 03:00:00,0.04,0.024221870537043336,0.015778129462956664
2026-03-27 05:00:00,0.04,0.034750030920915435,0.0052499690790845654
2026-03-27 07:00:00,0.04,0.04208042653266655,-0.002080426532666546
2026-03-27 09:00:00,0.04,0.04144880464452574,-0.0014488046445257363
2026-03-27 11:00:00,0.04,0.042435357389308814,-0.0024353573893088135
2026-03-27 13:00:00,0.04,0.0425289221512928,-0.0025289221512928006
2026-03-27 15:00:00,0.04,0.04286324242746673,-0.0028632424274667306
2026-03-27 17:00:00,0.04,0.04265992729190391,-0.00265992729190391
2026-03-27 19:00:00,0.04,0.042773559531351174,-0.0027735595313511732
2026-03-27 21:00:00,0.04,0.0425011484991197,-0.0025011484991196986
2026-03-27 23:00:00,0.04,0.04265992729190391,-0.00265992729190391
2026-03-28 01:00:00,0.04,0.042348126440896895,-0.0023481264408968944
2026-03-28 03:00:00,0.04,0.042450258370689914,-0.002450258370689913
2026-03-28 05:00:00,0.04,0.041848221382638336,-0.0018482213826383348
2026-03-28 07:00:00,0.04,0.04171821133844939,-0.0017182113384493908
2026-03-28 09:00:00,0.04,0.04159394592554735,-0.0015939459255473465
2026-03-28 11:00:00,0.04,0.041848221382638336,-0.0018482213826383348
2026-03-28 13:00:00,0.04,0.042595435415727266,-0.002595435415727265
2026-03-28 15:00:00,0.04,0.042496112543295314,-0.0024961125432953132
2026-03-28 17:00:00,0.04,0.04265489056907511,-0.0026548905690751065
2026-03-28 19:00:00,0.04,0.04265489056907511,-0.0026548905690751065
2026-03-28 21:00:00,0.04,0.042496112543295314,-0.0024961125432953132
2026-03-28 23:00:00,0.05,0.04262384190841736,0.007376158091582645
2026-03-29 01:00:00,0.05,0.052644253821576295,-0.0026442538215762923
2026-03-29 03:00:00,0.05,0.051571768143909395,-0.0015717681439093925
2026-03-29 05:00:00,0.05,0.051317254616913874,-0.001317254616913871
2026-03-29 07:00:00,0.05,0.05239841990668386,-0.002398419906683859
2026-03-29 09:00:00,0.06,0.051804831355176745,0.008195168644823253
2026-03-29 11:00:00,0.05,0.062006403591045554,-0.012006403591045552
2026-03-29 13:00:00,0.06,0.05124769160768813,0.00875230839231187
2026-03-29 15:00:00,0.06,0.061119994234110256,-0.0011199942341102581
2026-03-29 17:00:00,0.06,0.06226702509496924,-0.0022670250949692397
2026-03-29 19:00:00,0.06,0.06022881833020847,-0.00022881833020847037
2026-03-29 21:00:00,0.04,0.06286213698438083,-0.022862136984380825
2026-03-29 23:00:00,0.04,0.041925060903514624,-0.0019250609035146235
2026-03-30 01:00:00,0.04,0.043486157879899526,-0.003486157879899525
2026-03-30 03:00:00,0.04,0.044787003380517096,-0.004787003380517095
2026-03-30 05:00:00,0.04,0.042324136065030944,-0.0023241360650309434
2026-03-30 07:00:00,0.04,0.04251067895796629,-0.002510678957966292
2026-03-30 09:00:00,0.04,0.04242575224043738,-0.0024257522404373816
2026-03-30 11:00:00,0.04,0.04242575224043738,-0.0024257522404373816
2026-03-30 13:00:00,0.04,0.04212548404824432,-0.002125484048244322
2026-03-30 15:00:00,0.04,0.04227274124914791,-0.0022727412491479124
2026-03-30 17:00:00,0.04,0.042283653850607596,-0.002283653850607595
2026-03-30 19:00:00,0.04,0.042496112543295314,-0.0024961125432953132
2026-03-30 21:00:00,0.04,0.042819427924977775,-0.0028194279249777743
2026-03-30 23:00:00,0.04,0.04294719690355056,-0.00294719690355056
2026-03-31 01:00:00,0.04,0.04294719690355056,-0.00294719690355056
2026-03-31 03:00:00,0.04,0.042496112543295314,-0.0024961125432953132
2026-03-31 05:00:00,0.04,0.042343091224268194,-0.002343091224268193
2026-03-31 07:00:00,0.04,0.04275996338924098,-0.002759963389240977
2026-03-31 09:00:00,0.04,0.042819427924977775,-0.0028194279249777743
2026-03-31 11:00:00,0.04,0.04274904580086996,-0.002749045800869959
2026-03-31 13:00:00,0.04,0.04242575224043738,-0.0024257522404373816
2026-03-31 15:00:00,0.04,0.04282446544263242,-0.002824465442632422
2026-03-31 17:00:00,0.04,0.043079500501820044,-0.0030795005018200428
2026-03-31 19:00:00,0.04,0.042710167219798284,-0.002710167219798283
2026-03-31 21:00:00,0.04,0.042824447588101895,-0.0028244475881018943
2026-03-31 23:00:00,0.04,0.042756104487324115,-0.002756104487324114
2026-04-01 01:00:00,0.04,0.042914922111340445,-0.002914922111340444
2026-04-01 03:00:00,0.04,0.04275610448732417,-0.0027561044873241694
2026-04-01 05:00:00,0.04,0.04624154547425062,-0.006241545474250619
