factor,factor_value,conditional_ntu,selected_main_factor,other_features
river_level,3.36,0.2708498979,False,held at training medians; current and lagged terms moved together
river_level,3.566458333,0.2718073483,False,held at training medians; current and lagged terms moved together
river_level,3.772916667,0.2727655199,False,held at training medians; current and lagged terms moved together
river_level,3.979375,0.2737244135,False,held at training medians; current and lagged terms moved together
river_level,4.185833333,0.2746840294,False,held at training medians; current and lagged terms moved together
river_level,4.392291667,0.2756443683,False,held at training medians; current and lagged terms moved together
river_level,4.59875,0.2766054308,False,held at training medians; current and lagged terms moved together
river_level,4.805208333,0.2775672173,False,held at training medians; current and lagged terms moved together
river_level,5.011666667,0.2785297284,False,held at training medians; current and lagged terms moved together
river_level,5.218125,0.2794929647,False,held at training medians; current and lagged terms moved together
river_level,5.424583333,0.2804569266,False,held at training medians; current and lagged terms moved together
river_level,5.631041667,0.2814216148,False,held at training medians; current and lagged terms moved together
river_level,5.8375,0.2823870298,False,held at training medians; current and lagged terms moved together
river_level,6.043958333,0.2833531721,False,held at training medians; current and lagged terms moved together
river_level,6.250416667,0.2843200423,False,held at training medians; current and lagged terms moved together
river_level,6.456875,0.285287641,False,held at training medians; current and lagged terms moved together
river_level,6.663333333,0.2862559686,False,held at training medians; current and lagged terms moved together
river_level,6.869791667,0.2872250258,False,held at training medians; current and lagged terms moved together
river_level,7.07625,0.288194813,False,held at training medians; current and lagged terms moved together
river_level,7.282708333,0.2891653309,False,held at training medians; current and lagged terms moved together
river_level,7.489166667,0.2901365799,False,held at training medians; current and lagged terms moved together
river_level,7.695625,0.2911085607,False,held at training medians; current and lagged terms moved together
river_level,7.902083333,0.2920812738,False,held at training medians; current and lagged terms moved together
river_level,8.108541667,0.2930547197,False,held at training medians; current and lagged terms moved together
river_level,8.315,0.294028899,False,held at training medians; current and lagged terms moved together
rw_flow,44.7,0.289456148,False,held at training medians; current and lagged terms moved together
rw_flow,45.09166667,0.2883402513,False,held at training medians; current and lagged terms moved together
rw_flow,45.48333333,0.2872253203,False,held at training medians; current and lagged terms moved together
rw_flow,45.875,0.2861113541,False,held at training medians; current and lagged terms moved together
rw_flow,46.26666667,0.284998352,False,held at training medians; current and lagged terms moved together
rw_flow,46.65833333,0.2838863131,False,held at training medians; current and lagged terms moved together
rw_flow,47.05,0.2827752365,False,held at training medians; current and lagged terms moved together
rw_flow,47.44166667,0.2816651215,False,held at training medians; current and lagged terms moved together
rw_flow,47.83333333,0.2805559671,False,held at training medians; current and lagged terms moved together
rw_flow,48.225,0.2794477726,False,held at training medians; current and lagged terms moved together
rw_flow,48.61666667,0.2783405372,False,held at training medians; current and lagged terms moved together
rw_flow,49.00833333,0.2772342599,False,held at training medians; current and lagged terms moved together
rw_flow,49.4,0.27612894,False,held at training medians; current and lagged terms moved together
rw_flow,49.79166667,0.2750245767,False,held at training medians; current and lagged terms moved together
rw_flow,50.18333333,0.2739211691,False,held at training medians; current and lagged terms moved together
rw_flow,50.575,0.2728187163,False,held at training medians; current and lagged terms moved together
rw_flow,50.96666667,0.2717172177,False,held at training medians; current and lagged terms moved together
rw_flow,51.35833333,0.2706166723,False,held at training medians; current and lagged terms moved together
rw_flow,51.75,0.2695170792,False,held at training medians; current and lagged terms moved together
rw_flow,52.14166667,0.2684184378,False,held at training medians; current and lagged terms moved together
rw_flow,52.53333333,0.2673207472,False,held at training medians; current and lagged terms moved together
rw_flow,52.925,0.2662240064,False,held at training medians; current and lagged terms moved together
rw_flow,53.31666667,0.2651282149,False,held at training medians; current and lagged terms moved together
rw_flow,53.70833333,0.2640333716,False,held at training medians; current and lagged terms moved together
rw_flow,54.1,0.2629394757,False,held at training medians; current and lagged terms moved together
rw_ntu,10,0.2687613069,False,held at training medians; current and lagged terms moved together
rw_ntu,15.25,0.2725377487,False,held at training medians; current and lagged terms moved together
rw_ntu,20.5,0.2752542038,False,held at training medians; current and lagged terms moved together
rw_ntu,25.75,0.2773781604,False,held at training medians; current and lagged terms moved together
rw_ntu,31,0.2791228979,False,held at training medians; current and lagged terms moved together
rw_ntu,36.25,0.2806038462,False,held at training medians; current and lagged terms moved together
rw_ntu,41.5,0.281890592,False,held at training medians; current and lagged terms moved together
rw_ntu,46.75,0.2830283477,False,held at training medians; current and lagged terms moved together
rw_ntu,52,0.2840481578,False,held at training medians; current and lagged terms moved together
rw_ntu,57.25,0.2849722647,False,held at training medians; current and lagged terms moved together
rw_ntu,62.5,0.2858171523,False,held at training medians; current and lagged terms moved together
rw_ntu,67.75,0.2865953774,False,held at training medians; current and lagged terms moved together
rw_ntu,73,0.2873167265,False,held at training medians; current and lagged terms moved together
rw_ntu,78.25,0.2879889757,False,held at training medians; current and lagged terms moved together
rw_ntu,83.5,0.2886184063,False,held at training medians; current and lagged terms moved together
rw_ntu,88.75,0.2892101651,False,held at training medians; current and lagged terms moved together
rw_ntu,94,0.2897685224,False,held at training medians; current and lagged terms moved together
rw_ntu,99.25,0.2902970607,False,held at training medians; current and lagged terms moved together
rw_ntu,104.5,0.2907988143,False,held at training medians; current and lagged terms moved together
rw_ntu,109.75,0.2912763767,False,held at training medians; current and lagged terms moved together
rw_ntu,115,0.2917319814,False,held at training medians; current and lagged terms moved together
rw_ntu,120.25,0.2921675658,False,held at training medians; current and lagged terms moved together
rw_ntu,125.5,0.2925848215,False,held at training medians; current and lagged terms moved together
rw_ntu,130.75,0.2929852342,False,held at training medians; current and lagged terms moved together
rw_ntu,136,0.2933701157,False,held at training medians; current and lagged terms moved together
rw_clr,121,0.3032948471,True,held at training medians; current and lagged terms moved together
rw_clr,147.7041667,0.2966166169,True,held at training medians; current and lagged terms moved together
rw_clr,174.4083333,0.2910705519,True,held at training medians; current and lagged terms moved together
rw_clr,201.1125,0.2863308551,True,held at training medians; current and lagged terms moved together
rw_clr,227.8166667,0.2821944941,True,held at training medians; current and lagged terms moved together
rw_clr,254.5208333,0.2785264165,True,held at training medians; current and lagged terms moved together
rw_clr,281.225,0.2752322621,True,held at training medians; current and lagged terms moved together
rw_clr,307.9291667,0.2722435177,True,held at training medians; current and lagged terms moved together
rw_clr,334.6333333,0.2695088743,True,held at training medians; current and lagged terms moved together
rw_clr,361.3375,0.2669889173,True,held at training medians; current and lagged terms moved together
rw_clr,388.0416667,0.2646527179,True,held at training medians; current and lagged terms moved together
rw_clr,414.7458333,0.2624755625,True,held at training medians; current and lagged terms moved together
rw_clr,441.45,0.2604373944,True,held at training medians; current and lagged terms moved together
rw_clr,468.1541667,0.2585217142,True,held at training medians; current and lagged terms moved together
rw_clr,494.8583333,0.2567147868,True,held at training medians; current and lagged terms moved together
rw_clr,521.5625,0.2550050572,True,held at training medians; current and lagged terms moved together
rw_clr,548.2666667,0.2533827133,True,held at training medians; current and lagged terms moved together
rw_clr,574.9708333,0.2518393523,True,held at training medians; current and lagged terms moved together
rw_clr,601.675,0.2503677237,True,held at training medians; current and lagged terms moved together
rw_clr,628.3791667,0.2489615284,True,held at training medians; current and lagged terms moved together
rw_clr,655.0833333,0.247615259,True,held at training medians; current and lagged terms moved together
rw_clr,681.7875,0.2463240731,True,held at training medians; current and lagged terms moved together
rw_clr,708.4916667,0.2450836904,True,held at training medians; current and lagged terms moved together
rw_clr,735.1958333,0.2438903089,True,held at training medians; current and lagged terms moved together
rw_clr,761.9,0.2427405366,True,held at training medians; current and lagged terms moved together
rw_ph,7,0.277822586,False,held at training medians; current and lagged terms moved together
rw_ph,7.004166667,0.2745448538,False,held at training medians; current and lagged terms moved together
rw_ph,7.008333333,0.2712755292,False,held at training medians; current and lagged terms moved together
rw_ph,7.0125,0.2680145907,False,held at training medians; current and lagged terms moved together
rw_ph,7.016666667,0.2647620168,False,held at training medians; current and lagged terms moved together
rw_ph,7.020833333,0.2615177861,False,held at training medians; current and lagged terms moved together
rw_ph,7.025,0.2582818772,False,held at training medians; current and lagged terms moved together
rw_ph,7.029166667,0.2550542686,False,held at training medians; current and lagged terms moved together
rw_ph,7.033333333,0.2518349392,False,held at training medians; current and lagged terms moved together
rw_ph,7.0375,0.2486238676,False,held at training medians; current and lagged terms moved together
rw_ph,7.041666667,0.2454210327,False,held at training medians; current and lagged terms moved together
rw_ph,7.045833333,0.2422264134,False,held at training medians; current and lagged terms moved together
rw_ph,7.05,0.2390399886,False,held at training medians; current and lagged terms moved together
rw_ph,7.054166667,0.2358617372,False,held at training medians; current and lagged terms moved together
rw_ph,7.058333333,0.2326916384,False,held at training medians; current and lagged terms moved together
rw_ph,7.0625,0.2295296712,False,held at training medians; current and lagged terms moved together
rw_ph,7.066666667,0.2263758147,False,held at training medians; current and lagged terms moved together
rw_ph,7.070833333,0.2232300481,False,held at training medians; current and lagged terms moved together
rw_ph,7.075,0.2200923507,False,held at training medians; current and lagged terms moved together
rw_ph,7.079166667,0.2169627018,False,held at training medians; current and lagged terms moved together
rw_ph,7.083333333,0.2138410807,False,held at training medians; current and lagged terms moved together
rw_ph,7.0875,0.2107274669,False,held at training medians; current and lagged terms moved together
rw_ph,7.091666667,0.2076218397,False,held at training medians; current and lagged terms moved together
rw_ph,7.095833333,0.2045241788,False,held at training medians; current and lagged terms moved together
rw_ph,7.1,0.2014344637,False,held at training medians; current and lagged terms moved together
filt_ntu,0.03,0.2548247544,True,held at training medians; current and lagged terms moved together
filt_ntu,0.05708333333,0.2755972759,True,held at training medians; current and lagged terms moved together
filt_ntu,0.08416666667,0.2961751485,True,held at training medians; current and lagged terms moved together
filt_ntu,0.11125,0.3165649923,True,held at training medians; current and lagged terms moved together
filt_ntu,0.1383333333,0.3367730469,True,held at training medians; current and lagged terms moved together
filt_ntu,0.1654166667,0.356805202,True,held at training medians; current and lagged terms moved together
filt_ntu,0.1925,0.3766670243,True,held at training medians; current and lagged terms moved together
filt_ntu,0.2195833333,0.3963637827,True,held at training medians; current and lagged terms moved together
filt_ntu,0.2466666667,0.4159004699,True,held at training medians; current and lagged terms moved together
filt_ntu,0.27375,0.4352818229,True,held at training medians; current and lagged terms moved together
filt_ntu,0.3008333333,0.4545123412,True,held at training medians; current and lagged terms moved together
filt_ntu,0.3279166667,0.4735963031,True,held at training medians; current and lagged terms moved together
filt_ntu,0.355,0.4925377813,True,held at training medians; current and lagged terms moved together
filt_ntu,0.3820833333,0.5113406563,True,held at training medians; current and lagged terms moved together
filt_ntu,0.4091666667,0.5300086292,True,held at training medians; current and lagged terms moved together
filt_ntu,0.43625,0.5485452333,True,held at training medians; current and lagged terms moved together
filt_ntu,0.4633333333,0.5669538448,True,held at training medians; current and lagged terms moved together
filt_ntu,0.4904166667,0.5852376921,True,held at training medians; current and lagged terms moved together
filt_ntu,0.5175,0.6033998656,True,held at training medians; current and lagged terms moved together
filt_ntu,0.5445833333,0.6214433253,True,held at training medians; current and lagged terms moved together
filt_ntu,0.5716666667,0.6393709085,True,held at training medians; current and lagged terms moved together
filt_ntu,0.59875,0.6571853376,True,held at training medians; current and lagged terms moved together
filt_ntu,0.6258333333,0.6748892256,True,held at training medians; current and lagged terms moved together
filt_ntu,0.6529166667,0.6924850832,True,held at training medians; current and lagged terms moved together
filt_ntu,0.68,0.7099753237,True,held at training medians; current and lagged terms moved together
cw_level,3.32,0.2637223012,False,held at training medians; current and lagged terms moved together
cw_level,3.341666667,0.2643688801,False,held at training medians; current and lagged terms moved together
cw_level,3.363333333,0.2650157898,False,held at training medians; current and lagged terms moved together
cw_level,3.385,0.2656630305,False,held at training medians; current and lagged terms moved together
cw_level,3.406666667,0.2663106024,False,held at training medians; current and lagged terms moved together
cw_level,3.428333333,0.2669585055,False,held at training medians; current and lagged terms moved together
cw_level,3.45,0.2676067402,False,held at training medians; current and lagged terms moved together
cw_level,3.471666667,0.2682553066,False,held at training medians; current and lagged terms moved together
cw_level,3.493333333,0.2689042048,False,held at training medians; current and lagged terms moved together
cw_level,3.515,0.269553435,False,held at training medians; current and lagged terms moved together
cw_level,3.536666667,0.2702029974,False,held at training medians; current and lagged terms moved together
cw_level,3.558333333,0.2708528921,False,held at training medians; current and lagged terms moved together
cw_level,3.58,0.2715031193,False,held at training medians; current and lagged terms moved together
cw_level,3.601666667,0.2721536792,False,held at training medians; current and lagged terms moved together
cw_level,3.623333333,0.272804572,False,held at training medians; current and lagged terms moved together
cw_level,3.645,0.2734557978,False,held at training medians; current and lagged terms moved together
cw_level,3.666666667,0.2741073568,False,held at training medians; current and lagged terms moved together
cw_level,3.688333333,0.2747592492,False,held at training medians; current and lagged terms moved together
cw_level,3.71,0.2754114751,False,held at training medians; current and lagged terms moved together
cw_level,3.731666667,0.2760640347,False,held at training medians; current and lagged terms moved together
cw_level,3.753333333,0.2767169282,False,held at training medians; current and lagged terms moved together
cw_level,3.775,0.2773701558,False,held at training medians; current and lagged terms moved together
cw_level,3.796666667,0.2780237176,False,held at training medians; current and lagged terms moved together
cw_level,3.818333333,0.2786776137,False,held at training medians; current and lagged terms moved together
cw_level,3.84,0.2793318445,False,held at training medians; current and lagged terms moved together
treated_ph,7.3,0.277822586,False,held at training medians; current and lagged terms moved together
treated_ph,7.3,0.277822586,False,held at training medians; current and lagged terms moved together
treated_ph,7.3,0.277822586,False,held at training medians; current and lagged terms moved together
treated_ph,7.3,0.277822586,False,held at training medians; current and lagged terms moved together
treated_ph,7.3,0.277822586,False,held at training medians; current and lagged terms moved together
treated_ph,7.3,0.277822586,False,held at training medians; current and lagged terms moved together
treated_ph,7.3,0.277822586,False,held at training medians; current and lagged terms moved together
treated_ph,7.3,0.277822586,False,held at training medians; current and lagged terms moved together
treated_ph,7.3,0.277822586,False,held at training medians; current and lagged terms moved together
treated_ph,7.3,0.277822586,False,held at training medians; current and lagged terms moved together
treated_ph,7.3,0.277822586,False,held at training medians; current and lagged terms moved together
treated_ph,7.3,0.277822586,False,held at training medians; current and lagged terms moved together
treated_ph,7.3,0.277822586,False,held at training medians; current and lagged terms moved together
treated_ph,7.3,0.277822586,False,held at training medians; current and lagged terms moved together
treated_ph,7.3,0.277822586,False,held at training medians; current and lagged terms moved together
treated_ph,7.3,0.277822586,False,held at training medians; current and lagged terms moved together
treated_ph,7.3,0.277822586,False,held at training medians; current and lagged terms moved together
treated_ph,7.3,0.277822586,False,held at training medians; current and lagged terms moved together
treated_ph,7.3,0.277822586,False,held at training medians; current and lagged terms moved together
treated_ph,7.3,0.277822586,False,held at training medians; current and lagged terms moved together
treated_ph,7.3,0.277822586,False,held at training medians; current and lagged terms moved together
treated_ph,7.3,0.277822586,False,held at training medians; current and lagged terms moved together
treated_ph,7.3,0.277822586,False,held at training medians; current and lagged terms moved together
treated_ph,7.3,0.277822586,False,held at training medians; current and lagged terms moved together
treated_ph,7.3,0.277822586,False,held at training medians; current and lagged terms moved together
cl2,1,0.3061107705,False,held at training medians; current and lagged terms moved together
cl2,1.033333333,0.3042055602,False,held at training medians; current and lagged terms moved together
cl2,1.066666667,0.302303129,False,held at training medians; current and lagged terms moved together
cl2,1.1,0.3004034728,False,held at training medians; current and lagged terms moved together
cl2,1.133333333,0.2985065877,False,held at training medians; current and lagged terms moved together
cl2,1.166666667,0.2966124695,False,held at training medians; current and lagged terms moved together
cl2,1.2,0.2947211143,False,held at training medians; current and lagged terms moved together
cl2,1.233333333,0.292832518,False,held at training medians; current and lagged terms moved together
cl2,1.266666667,0.2909466765,False,held at training medians; current and lagged terms moved together
cl2,1.3,0.2890635859,False,held at training medians; current and lagged terms moved together
cl2,1.333333333,0.2871832422,False,held at training medians; current and lagged terms moved together
cl2,1.366666667,0.2853056412,False,held at training medians; current and lagged terms moved together
cl2,1.4,0.2834307792,False,held at training medians; current and lagged terms moved together
cl2,1.433333333,0.2815586519,False,held at training medians; current and lagged terms moved together
cl2,1.466666667,0.2796892555,False,held at training medians; current and lagged terms moved together
cl2,1.5,0.277822586,False,held at training medians; current and lagged terms moved together
cl2,1.533333333,0.2759586394,False,held at training medians; current and lagged terms moved together
cl2,1.566666667,0.2740974117,False,held at training medians; current and lagged terms moved together
cl2,1.6,0.2722388989,False,held at training medians; current and lagged terms moved together
cl2,1.633333333,0.2703830972,False,held at training medians; current and lagged terms moved together
cl2,1.666666667,0.2685300025,False,held at training medians; current and lagged terms moved together
cl2,1.7,0.2666796108,False,held at training medians; current and lagged terms moved together
cl2,1.733333333,0.2648319184,False,held at training medians; current and lagged terms moved together
cl2,1.766666667,0.2629869211,False,held at training medians; current and lagged terms moved together
cl2,1.8,0.2611446151,False,held at training medians; current and lagged terms moved together
alum,0.05,0.277822586,False,held at training medians; current and lagged terms moved together
alum,0.05041666667,0.2788640362,False,held at training medians; current and lagged terms moved together
alum,0.05083333333,0.2799063351,False,held at training medians; current and lagged terms moved together
alum,0.05125,0.2809494836,False,held at training medians; current and lagged terms moved together
alum,0.05166666667,0.2819934822,False,held at training medians; current and lagged terms moved together
alum,0.05208333333,0.2830383317,False,held at training medians; current and lagged terms moved together
alum,0.0525,0.2840840328,False,held at training medians; current and lagged terms moved together
alum,0.05291666667,0.2851305861,False,held at training medians; current and lagged terms moved together
alum,0.05333333333,0.2861779924,False,held at training medians; current and lagged terms moved together
alum,0.05375,0.2872262524,False,held at training medians; current and lagged terms moved together
alum,0.05416666667,0.2882753667,False,held at training medians; current and lagged terms moved together
alum,0.05458333333,0.2893253361,False,held at training medians; current and lagged terms moved together
alum,0.055,0.2903761612,False,held at training medians; current and lagged terms moved together
alum,0.05541666667,0.2914278427,False,held at training medians; current and lagged terms moved together
alum,0.05583333333,0.2924803814,False,held at training medians; current and lagged terms moved together
alum,0.05625,0.293533778,False,held at training medians; current and lagged terms moved together
alum,0.05666666667,0.294588033,False,held at training medians; current and lagged terms moved together
alum,0.05708333333,0.2956431473,False,held at training medians; current and lagged terms moved together
alum,0.0575,0.2966991216,False,held at training medians; current and lagged terms moved together
alum,0.05791666667,0.2977559565,False,held at training medians; current and lagged terms moved together
alum,0.05833333333,0.2988136527,False,held at training medians; current and lagged terms moved together
alum,0.05875,0.299872211,False,held at training medians; current and lagged terms moved together
alum,0.05916666667,0.300931632,False,held at training medians; current and lagged terms moved together
alum,0.05958333333,0.3019919165,False,held at training medians; current and lagged terms moved together
alum,0.06,0.3030530651,False,held at training medians; current and lagged terms moved together
tw_flow,41.8,0.2679407842,False,held at training medians; current and lagged terms moved together
tw_flow,42.11666667,0.2688857138,False,held at training medians; current and lagged terms moved together
tw_flow,42.43333333,0.2698313476,False,held at training medians; current and lagged terms moved together
tw_flow,42.75,0.2707776861,False,held at training medians; current and lagged terms moved together
tw_flow,43.06666667,0.2717247299,False,held at training medians; current and lagged terms moved together
tw_flow,43.38333333,0.2726724794,False,held at training medians; current and lagged terms moved together
tw_flow,43.7,0.2736209353,False,held at training medians; current and lagged terms moved together
tw_flow,44.01666667,0.274570098,False,held at training medians; current and lagged terms moved together
tw_flow,44.33333333,0.275519968,False,held at training medians; current and lagged terms moved together
tw_flow,44.65,0.276470546,False,held at training medians; current and lagged terms moved together
tw_flow,44.96666667,0.2774218323,False,held at training medians; current and lagged terms moved together
tw_flow,45.28333333,0.2783738276,False,held at training medians; current and lagged terms moved together
tw_flow,45.6,0.2793265324,False,held at training medians; current and lagged terms moved together
tw_flow,45.91666667,0.2802799472,False,held at training medians; current and lagged terms moved together
tw_flow,46.23333333,0.2812340725,False,held at training medians; current and lagged terms moved together
tw_flow,46.55,0.2821889089,False,held at training medians; current and lagged terms moved together
tw_flow,46.86666667,0.2831444568,False,held at training medians; current and lagged terms moved together
tw_flow,47.18333333,0.2841007169,False,held at training medians; current and lagged terms moved together
tw_flow,47.5,0.2850576896,False,held at training medians; current and lagged terms moved together
tw_flow,47.81666667,0.2860153755,False,held at training medians; current and lagged terms moved together
tw_flow,48.13333333,0.2869737751,False,held at training medians; current and lagged terms moved together
tw_flow,48.45,0.287932889,False,held at training medians; current and lagged terms moved together
tw_flow,48.76666667,0.2888927177,False,held at training medians; current and lagged terms moved together
tw_flow,49.08333333,0.2898532616,False,held at training medians; current and lagged terms moved together
tw_flow,49.4,0.2908145214,False,held at training medians; current and lagged terms moved together
