operational_day,source,valid_points,predicted_ratio,max_ntu,max_excess_ntu,longest_exceedance_hours,exceedance_load_ntu_hours,central_grade,modal_grade,grade_95_low,grade_95_high,p_safe,p_low,p_medium,p_high
2026-01-01,observed,12,0,0.19,0,0,0,SAFE,SAFE,SAFE,SAFE,1,0,0,0
2026-01-02,observed,12,0,0.22,0,0,0,SAFE,SAFE,SAFE,SAFE,1,0,0,0
2026-01-03,observed,12,0,0.18,0,0,0,SAFE,SAFE,SAFE,SAFE,1,0,0,0
2026-01-04,observed,12,0,0.17,0,0,0,SAFE,SAFE,SAFE,SAFE,1,0,0,0
2026-01-05,observed,12,0,0.18,0,0,0,SAFE,SAFE,SAFE,SAFE,1,0,0,0
2026-01-06,observed,12,0,0.18,0,0,0,SAFE,SAFE,SAFE,SAFE,1,0,0,0
2026-01-07,observed,12,0,0.2,0,0,0,SAFE,SAFE,SAFE,SAFE,1,0,0,0
2026-01-08,observed,12,0,0.24,0,0,0,SAFE,SAFE,SAFE,SAFE,1,0,0,0
2026-01-09,observed,12,0,0.74,0,0,0,SAFE,SAFE,SAFE,SAFE,1,0,0,0
2026-01-10,observed,12,0,2.15,1.15,8,5.84,HIGH,HIGH,HIGH,HIGH,0,0,0,1
2026-01-11,observed,12,0,0.43,0,0,0,SAFE,SAFE,SAFE,SAFE,1,0,0,0
2026-01-12,observed,12,0,0.36,0,0,0,SAFE,SAFE,SAFE,SAFE,1,0,0,0
2026-01-13,observed,12,0,0.36,0,0,0,SAFE,SAFE,SAFE,SAFE,1,0,0,0
2026-01-14,observed,12,0,0.66,0,0,0,SAFE,SAFE,SAFE,SAFE,1,0,0,0
2026-01-15,observed,12,0,1.37,0.37,4,1.3,LOW,LOW,LOW,LOW,0,1,0,0
2026-01-16,observed,12,0,0.32,0,0,0,SAFE,SAFE,SAFE,SAFE,1,0,0,0
2026-01-17,observed,12,0,0.19,0,0,0,SAFE,SAFE,SAFE,SAFE,1,0,0,0
2026-01-18,observed,12,0,0.19,0,0,0,SAFE,SAFE,SAFE,SAFE,1,0,0,0
2026-01-19,observed,12,0,0.29,0,0,0,SAFE,SAFE,SAFE,SAFE,1,0,0,0
2026-01-20,observed,12,0,0.23,0,0,0,SAFE,SAFE,SAFE,SAFE,1,0,0,0
2026-01-21,observed,12,0,0.25,0,0,0,SAFE,SAFE,SAFE,SAFE,1,0,0,0
2026-01-22,observed,12,0,0.29,0,0,0,SAFE,SAFE,SAFE,SAFE,1,0,0,0
2026-01-23,observed,12,0,0.31,0,0,0,SAFE,SAFE,SAFE,SAFE,1,0,0,0
2026-01-24,observed,12,0,0.31,0,0,0,SAFE,SAFE,SAFE,SAFE,1,0,0,0
2026-01-25,observed,12,0,0.34,0,0,0,SAFE,SAFE,SAFE,SAFE,1,0,0,0
2026-01-26,observed,12,0,0.3,0,0,0,SAFE,SAFE,SAFE,SAFE,1,0,0,0
2026-01-27,observed,12,0,0.31,0,0,0,SAFE,SAFE,SAFE,SAFE,1,0,0,0
2026-01-28,observed,12,0,0.41,0,0,0,SAFE,SAFE,SAFE,SAFE,1,0,0,0
2026-01-29,observed,12,0,0.36,0,0,0,SAFE,SAFE,SAFE,SAFE,1,0,0,0
2026-01-30,observed,12,0,0.4,0,0,0,SAFE,SAFE,SAFE,SAFE,1,0,0,0
2026-01-31,observed,12,0,0.35,0,0,0,SAFE,SAFE,SAFE,SAFE,1,0,0,0
2026-02-01,predicted,12,1,0.3576226471,0,0,0,SAFE,SAFE,SAFE,MEDIUM,0.966,0,0.022,0.012
2026-02-02,predicted,12,1,0.2783393656,0,0,0,SAFE,SAFE,SAFE,HIGH,0.944,0.008,0.022,0.026
2026-02-03,predicted,12,1,0.3460617544,0,0,0,SAFE,SAFE,SAFE,HIGH,0.93,0.012,0.022,0.036
2026-02-04,predicted,12,1,0.3024676343,0,0,0,SAFE,SAFE,SAFE,HIGH,0.928,0.01,0.012,0.05
2026-02-05,predicted,12,1,0.3569831913,0,0,0,SAFE,SAFE,SAFE,HIGH,0.91,0.016,0.014,0.06
2026-02-06,predicted,12,1,0.3461276328,0,0,0,SAFE,SAFE,SAFE,HIGH,0.902,0.014,0.03,0.054
2026-02-07,predicted,12,1,0.2642129409,0,0,0,SAFE,SAFE,SAFE,HIGH,0.924,0.016,0.016,0.044
2026-02-08,predicted,12,1,0.2707705997,0,0,0,SAFE,SAFE,SAFE,HIGH,0.93,0.008,0.018,0.044
2026-02-09,predicted,12,1,0.2994156886,0,0,0,SAFE,SAFE,SAFE,HIGH,0.9,0.024,0.024,0.052
2026-02-10,predicted,12,1,0.3256778396,0,0,0,SAFE,SAFE,SAFE,HIGH,0.906,0.022,0.014,0.058
2026-02-11,predicted,12,1,0.2963753636,0,0,0,SAFE,SAFE,SAFE,MEDIUM,0.922,0.036,0.03,0.012
2026-02-12,predicted,12,1,0.2075799629,0,0,0,SAFE,SAFE,SAFE,MEDIUM,0.944,0.022,0.016,0.018
2026-02-13,predicted,12,1,0.2401810941,0,0,0,SAFE,SAFE,SAFE,HIGH,0.942,0.014,0.01,0.034
2026-02-14,predicted,12,1,0.222555428,0,0,0,SAFE,SAFE,SAFE,MEDIUM,0.96,0.006,0.01,0.024
2026-02-15,predicted,12,1,0.263064686,0,0,0,SAFE,SAFE,SAFE,HIGH,0.952,0.002,0.012,0.034
2026-02-16,predicted,12,1,0.290405579,0,0,0,SAFE,SAFE,SAFE,MEDIUM,0.934,0.022,0.02,0.024
2026-02-17,predicted,12,1,0.3321566532,0,0,0,SAFE,SAFE,SAFE,HIGH,0.932,0.02,0.016,0.032
2026-02-18,predicted,12,1,0.3337374432,0,0,0,SAFE,SAFE,SAFE,HIGH,0.928,0.016,0.026,0.03
2026-02-19,predicted,12,1,0.397583506,0,0,0,SAFE,SAFE,SAFE,HIGH,0.914,0.024,0.016,0.046
2026-02-20,predicted,12,1,0.4053044566,0,0,0,SAFE,SAFE,SAFE,HIGH,0.904,0.024,0.022,0.05
2026-02-21,predicted,12,1,0.4628638381,0,0,0,SAFE,SAFE,SAFE,HIGH,0.864,0.028,0.058,0.05
2026-02-22,predicted,12,1,0.3525410838,0,0,0,SAFE,SAFE,SAFE,HIGH,0.918,0.026,0.028,0.028
2026-02-23,predicted,12,1,0.3547942768,0,0,0,SAFE,SAFE,SAFE,HIGH,0.92,0.016,0.024,0.04
2026-02-24,predicted,12,1,0.2845747205,0,0,0,SAFE,SAFE,SAFE,HIGH,0.926,0.01,0.014,0.05
2026-02-25,predicted,12,1,0.3008862548,0,0,0,SAFE,SAFE,SAFE,HIGH,0.886,0.028,0.016,0.07
2026-02-26,predicted,12,1,0.7193632455,0,0,0,SAFE,SAFE,SAFE,HIGH,0.658,0.114,0.11,0.118
2026-02-27,predicted,12,1,0.2131970672,0,0,0,SAFE,SAFE,SAFE,MEDIUM,0.93,0.032,0.022,0.016
2026-02-28,predicted,12,1,0.1695827479,0,0,0,SAFE,SAFE,SAFE,HIGH,0.93,0.012,0.032,0.026
2026-03-01,observed,12,0,0.48,0,0,0,SAFE,SAFE,SAFE,SAFE,1,0,0,0
2026-03-02,observed,12,0,0.49,0,0,0,SAFE,SAFE,SAFE,SAFE,1,0,0,0
2026-03-03,observed,12,0,0.51,0,0,0,SAFE,SAFE,SAFE,SAFE,1,0,0,0
2026-03-04,observed,12,0,0.52,0,0,0,SAFE,SAFE,SAFE,SAFE,1,0,0,0
2026-03-05,observed,12,0,0.56,0,0,0,SAFE,SAFE,SAFE,SAFE,1,0,0,0
2026-03-06,observed,12,0,0.56,0,0,0,SAFE,SAFE,SAFE,SAFE,1,0,0,0
2026-03-07,observed,12,0,0.54,0,0,0,SAFE,SAFE,SAFE,SAFE,1,0,0,0
2026-03-08,observed,12,0,0.56,0,0,0,SAFE,SAFE,SAFE,SAFE,1,0,0,0
2026-03-09,observed,12,0,0.56,0,0,0,SAFE,SAFE,SAFE,SAFE,1,0,0,0
2026-03-10,observed,12,0,0.55,0,0,0,SAFE,SAFE,SAFE,SAFE,1,0,0,0
2026-03-11,observed,12,0,0.56,0,0,0,SAFE,SAFE,SAFE,SAFE,1,0,0,0
2026-03-12,observed,12,0,1.55,0.55,4,3.22,MEDIUM,MEDIUM,MEDIUM,MEDIUM,0,0,1,0
2026-03-13,observed,12,0,1.09,0.09,2,0.18,LOW,LOW,LOW,LOW,0,1,0,0
2026-03-14,observed,12,0,0.6,0,0,0,SAFE,SAFE,SAFE,SAFE,1,0,0,0
2026-03-15,observed,12,0,0.63,0,0,0,SAFE,SAFE,SAFE,SAFE,1,0,0,0
2026-03-16,observed,12,0,0.67,0,0,0,SAFE,SAFE,SAFE,SAFE,1,0,0,0
2026-03-17,observed,12,0,0.81,0,0,0,SAFE,SAFE,SAFE,SAFE,1,0,0,0
2026-03-18,observed,12,0,0.67,0,0,0,SAFE,SAFE,SAFE,SAFE,1,0,0,0
2026-03-19,observed,12,0,0.71,0,0,0,SAFE,SAFE,SAFE,SAFE,1,0,0,0
2026-03-20,observed,12,0,0.88,0,0,0,SAFE,SAFE,SAFE,SAFE,1,0,0,0
2026-03-21,observed,12,0,0.7,0,0,0,SAFE,SAFE,SAFE,SAFE,1,0,0,0
2026-03-22,observed,12,0,0.7,0,0,0,SAFE,SAFE,SAFE,SAFE,1,0,0,0
2026-03-23,observed,12,0,0.76,0,0,0,SAFE,SAFE,SAFE,SAFE,1,0,0,0
2026-03-24,observed,12,0,0.75,0,0,0,SAFE,SAFE,SAFE,SAFE,1,0,0,0
2026-03-25,observed,12,0,0.76,0,0,0,SAFE,SAFE,SAFE,SAFE,1,0,0,0
2026-03-26,observed,12,0,0.77,0,0,0,SAFE,SAFE,SAFE,SAFE,1,0,0,0
2026-03-27,observed,12,0,0.68,0,0,0,SAFE,SAFE,SAFE,SAFE,1,0,0,0
2026-03-28,observed,12,0,0.23,0,0,0,SAFE,SAFE,SAFE,SAFE,1,0,0,0
2026-03-29,observed,12,0,0.28,0,0,0,SAFE,SAFE,SAFE,SAFE,1,0,0,0
2026-03-30,observed,12,0,0.34,0,0,0,SAFE,SAFE,SAFE,SAFE,1,0,0,0
2026-03-31,observed,12,0,0.27,0,0,0,SAFE,SAFE,SAFE,SAFE,1,0,0,0
